URL,"99","0","職種名","会社名","勤務地","本社所在地","住所","採用担当","電話番号","FAX","E-mail","業種","備考","掲載ランク","掲載予定期間","サイト名"
https://vp-web-crawl.s3-ap-northeast-1.amazonaws.com/mynavi/tenshoku.mynavi.jp/jobinfo-237410-1-8-1/index.html,"7180001038759","1","【初級ITエンジニア】★未経験歓迎★年間休日123日★土日祝休み 正社員","トーテックアメニティ株式会社","埼玉県、千葉県、東京都、神奈川県、愛知県、滋賀県、大阪府","〒163-0417 東京都新宿区西新宿2-1-1 新宿三井ビルディング 17F 〒451-0045 愛知県名古屋市西区名駅2-27-8 名古屋プライムセントラルタワー 7F","〒 163-0417 新宿区西新宿2-1-1 新宿三井ビルディング 17F 地図を見る","採用担当","0120-33-1019","","","インターネット関連","","MT-S","情報更新日：2019/10/25 掲載終了予定日：2019/12/05","mynavi"
https://vp-web-crawl.s3-ap-northeast-1.amazonaws.com/mynavi/tenshoku.mynavi.jp/jobinfo-255398-1-3-1/index.html,"1180001047749","1","【 総合職（営業・マーケティング・事務）】★年間休日125日以上 正社員","株式会社スペース二十四","埼玉県、千葉県、神奈川県、愛知県、兵庫県、奈良県","愛知県名古屋市中村区名駅1-1-1 JPタワー名古屋22階","〒 450-6322 愛知県名古屋市中村区名駅1-1-1 JPタワー名古屋22階 地図を見る","管理部人事課／竹之内","052-756-3980","","","不動産","","MT-S","情報更新日：2019/10/25 掲載終了予定日：2019/12/19","mynavi"
https://vp-web-crawl.s3-ap-northeast-1.amazonaws.com/mynavi/tenshoku.mynavi.jp/jobinfo-173767-1-7-1/index.html,"5120901028180","1","【総合職（施工管理／電気制御設計）】◆月給30万円以上を保証！ 正社員","ニッコーエンジニアリング株式会社","大阪府","大阪府大阪市淀川区新北野1-14-11","大阪市淀川区新北野1-14-11大阪新北野第一ビル3Ｆ 地図を見る","採用担当","","","","プラント・エンジニアリング","","MT-S","情報更新日：2019/10/25 掲載終了予定日：2019/11/21","mynavi"
https://vp-web-crawl.s3-ap-northeast-1.amazonaws.com/mynavi/tenshoku.mynavi.jp/jobinfo-189873-1-10-1/index.html,"5011101054870","1","【介護スタッフ】★正社員登用制度有★資格＆経験不問★残業ゼロ パート・アルバイト","株式会社木下の介護","埼玉県、千葉県、東京都、神奈川県","東京都新宿区西新宿6-5-1 新宿アイランドタワー9階","〒 163-1309 東京都新宿区西新宿6-5-1 新宿アイランドタワー9階 地図を見る","人事採用担当","","","","医療・福祉・介護サービス","","MT-S","情報更新日：2019/10/17 掲載終了予定日：2019/11/21","mynavi"
https://vp-web-crawl.s3-ap-northeast-1.amazonaws.com/mynavi/tenshoku.mynavi.jp/jobinfo-258097-1-1-1/index.html,"9050001010290","1","【エキスパートドライバー】★土日休み可★月給40万円スタート 正社員","日本交通株式会社","東京都","東京都千代田区紀尾井町3-12　紀尾井町ビル","〒 120-0024 東京都足立区千住関屋町19-2 地図を見る","採用担当","","","","海運・鉄道・空輸・陸運","","MT-S","情報更新日：2019/10/15 掲載終了予定日：2019/11/21","mynavi"
https://vp-web-crawl.s3-ap-northeast-1.amazonaws.com/mynavi/tenshoku.mynavi.jp/jobinfo-237190-1-16-1/index.html,"7010001192390","0","【SE】『エリア限定採用』強化！“ずっと”お付き合いします！ 正社員","株式会社ブレーンナレッジシステムズ","北海道、青森県、岩手県、宮城県、秋田県、山形県、福島県、埼玉県、千葉県、東京都、神奈川県、愛知県、滋賀県、京都府、大阪府、奈良県、福岡県、佐賀県","東京都千代田区霞が関3-2-1霞が関コモンゲート西館24階","〒 100-0013 東京都千代田区霞が関3丁目2番1号　霞が関コモンゲート西館24階 地図を見る","採用担当　※ご不明点は、気兼ねなくお問い合わせください","03-5157-4110","","","ソフトウェア・情報処理","【北海道支部】011-232-5770 【東北支部】022-212-8388 【名古屋営業所】052-218-6756 【関西支部】06-6838-3411 【福岡営業所】092-477-9050 ※東海エリアに関するお問い合わせは、関西支部にて受け付けております。","MT-S","情報更新日：2019/10/25 掲載終了予定日：2019/12/19","mynavi"
https://vp-web-crawl.s3-ap-northeast-1.amazonaws.com/mynavi/tenshoku.mynavi.jp/jobinfo-244223-1-3-1/index.html,"99","0","働き方はあなた次第！【店舗運営スタッフ(店長候補)】◎面接保証 正社員","株式会社MountainBull","東京都","東京都新宿区西新宿7丁目22-43 新宿JECビル5階","〒 160-0023 東京都新宿区西新宿7丁目22-43 新宿JECビル5階 地図を見る","採用担当","","","","フードビジネス（総合）","","MT-S","情報更新日：2019/09/27 掲載終了予定日：2019/11/21","mynavi"
https://vp-web-crawl.s3-ap-northeast-1.amazonaws.com/mynavi/tenshoku.mynavi.jp/jobinfo-130575-1-13-1/index.html,"3012401004633","1","《100%反響＆完全週休2日制》賃貸住宅の【ルームアドバイザー】 正社員","株式会社レントハウス","東京都","東京都府中市府中町2-1-7 角ないとうビル","〒 151-0073 東京都渋谷区笹塚1-57-10 笹塚駅前ビル2F 地図を見る","採用担当","03-5304-8826","","","不動産","【アクセス】 京王線「笹塚」駅より徒歩1分","MT-S","情報更新日：2019/10/25 掲載終了予定日：2019/12/19","mynavi"
https://vp-web-crawl.s3-ap-northeast-1.amazonaws.com/mynavi/tenshoku.mynavi.jp/jobinfo-260492-1-2-1/index.html,"4500001019919","1","未経験OK♪キャリアが選べる【ストアキャスト】※年間休日111日 正社員","株式会社シンプルハウス","大阪府","大阪府大阪市北区天神橋4-8-27","〒 530-0041 大阪府大阪市北区天神橋4-8-27 地図を見る","","06-6354-0078（代表）","","","専門店（インテリア関連）","＿＿＿＿＿＿＿＿＿ 応募に関する補足 ￣￣￣￣￣￣￣￣￣ お電話でのご応募も大歓迎です！ 「マイナビ転職を見た」と、 上記電話番号までお電話ください。 （応募者対応のため、営業電話はお断りしています） 「もっと詳しい話が聞きたい」といったご要望もOK♪ 興味のある方は、お気軽にお問い合わせください。","MT-S","情報更新日：2019/10/25 掲載終了予定日：2019/12/05","mynavi"
https://vp-web-crawl.s3-ap-northeast-1.amazonaws.com/mynavi/tenshoku.mynavi.jp/jobinfo-103448-1-70-1/index.html,"4013301022897","0","全身脱毛＋美肌潤美が無料★銀座カラーの【エステティシャン】 正社員","株式会社エム・シーネットワークスジャパン","北海道、岩手県、茨城県、栃木県、群馬県、埼玉県、千葉県、東京都、神奈川県、石川県、新潟県、岐阜県、静岡県、愛知県、大阪府、兵庫県、広島県","東京都港区六本木3-2-1 住友不動産六本木グランドタワー 34F","〒 106-6234 東京都港区六本木3-2-1 住友不動産六本木グランドタワー 34F 地図を見る","採用担当","0120-999-870","","","エステティック・美容・理容","上記電話番号の受付時間平日10：00～19：00となります。 【本社へのアクセス】 南北線「六本木一丁目」駅 直結 各線「六本木」駅より徒歩5分","MT-S","情報更新日：2019/10/16 掲載終了予定日：2019/11/07","mynavi"
https://vp-web-crawl.s3-ap-northeast-1.amazonaws.com/mynavi/tenshoku.mynavi.jp/jobinfo-205767-1-7-1/index.html,"6460301004227","1","【ルート営業】前職から10万円以上、給与がUPしたスタッフも！ 正社員","株式会社ロジカル","埼玉県、東京都、神奈川県、新潟県","東京都足立区竹の塚二丁目32-13","〒 189-0011 東京都東村山市恩多町1-10-1 地図を見る","採用担当","042-397-1931（代表）","","","海運・鉄道・空輸・陸運","","MT-S","情報更新日：2019/10/24 掲載終了予定日：2019/11/07","mynavi"
https://vp-web-crawl.s3-ap-northeast-1.amazonaws.com/mynavi/tenshoku.mynavi.jp/jobinfo-239478-1-4-1/index.html,"8120101003304","1","若手が活躍中！【提案営業】※業界未経験でも月給25万円以上～ 正社員","株式会社サンユー都市開発","大阪府","大阪府堺市堺区甲斐町西1-1-31","〒 541-0051 本部／大阪府大阪市中央区備後町3-3-3 地図を見る","管理本部 人事課","06-6268-0125","","","住宅・建材・エクステリア","【交通アクセス】 ・各線「本町駅」より徒歩1分","MT-S","情報更新日：2019/10/25 掲載終了予定日：2019/11/21","mynavi"
https://vp-web-crawl.s3-ap-northeast-1.amazonaws.com/mynavi/tenshoku.mynavi.jp/jobinfo-200043-1-9-1/index.html,"7040001042741","1","【土木技術スタッフ】有資格者限定☆完全週休2日☆年休125日以上 契約社員","エアポートメンテナンスサービス株式会社","千葉県","千葉県成田市三里塚字御料牧場1番2 臨空開発第1センタービル6階","〒 282-0011 千葉県成田市三里塚字御料牧場1番2 臨空開発第1センタービル6階 地図を見る","採用担当","","","","建設・土木","「芝山千代田駅」より地下道でお越しください。","MT-S","情報更新日：2019/10/25 掲載終了予定日：2019/12/05","mynavi"
https://vp-web-crawl.s3-ap-northeast-1.amazonaws.com/mynavi/tenshoku.mynavi.jp/jobinfo-233515-1-5-1/index.html,"1010601041408","0","【総合職】★バイヤー担当・ポテンシャル重視の若手積極採用！ 正社員","株式会社ファイブニーズ","北海道、宮城県、埼玉県、千葉県、東京都、神奈川県、愛知県、大阪府、兵庫県、広島県、福岡県","東京都墨田区太平4-13-2　太平サクラビル3F","〒 130-0012 東京都墨田区太平4-13-2　太平サクラビル3F 地図を見る","採用担当者","03-6240-4563","","","食品","※営業電話はお控えください。","MT-S","情報更新日：2019/10/18 掲載終了予定日：2019/11/21","mynavi"
https://vp-web-crawl.s3-ap-northeast-1.amazonaws.com/mynavi/tenshoku.mynavi.jp/jobinfo-259830-1-2-1/index.html,"4010001008599","1","★未経験スタートも大歓迎【サービススタッフ】年間休日124日 正社員","日本メディアシステム株式会社","栃木県、埼玉県、千葉県、東京都、神奈川県、新潟県、静岡県、愛知県、大阪府、兵庫県、岡山県、広島県、香川県","愛知県名古屋市東区泉1-12-35 1091ビル8F","〒 461-0001 愛知県名古屋市東区泉1-12-35 1091ビル8F 地図を見る","採用担当","052-972-7810","","","通信関連","","MT-S","情報更新日：2019/10/11 掲載終了予定日：2019/12/05","mynavi"
https://vp-web-crawl.s3-ap-northeast-1.amazonaws.com/mynavi/tenshoku.mynavi.jp/jobinfo-260231-1-1-1/index.html,"5430001039386","1","【総合職(コーディネーター、アシスタント、案内ドライバー)】 正社員","株式会社グラート","東京都、愛知県、滋賀県、京都府、大阪府、兵庫県、奈良県、広島県、福岡県","大阪府吹田市江の木町1-1","〒 564-0053 大阪府吹田市江の木町1-1 地図を見る","賃貸住宅サービスグループ本部　中途採用担当","","","","不動産","","MT-S","情報更新日：2019/10/25 掲載終了予定日：2019/12/05","mynavi"
https://vp-web-crawl.s3-ap-northeast-1.amazonaws.com/mynavi/tenshoku.mynavi.jp/jobinfo-130024-1-60-1/index.html,"8010601034207","0","安定して長く活躍！高速道路の【料金所スタッフ】経験・年齢不問 契約社員","株式会社ネクスコ・トール関東","茨城県、埼玉県、千葉県、東京都、神奈川県","東京都墨田区太平4-1-3オリナスタワー8階","〒 130-0012 東京都墨田区太平4-1-3オリナスタワー8階 地図を見る","人事部人事課　採用担当","","","","海運・鉄道・空輸・陸運","","MT-S","情報更新日：2019/10/25 掲載終了予定日：2019/11/21","mynavi"
https://vp-web-crawl.s3-ap-northeast-1.amazonaws.com/mynavi/tenshoku.mynavi.jp/jobinfo-24247-1-128-1/index.html,"6370001013363","1","【塾教師】小・中学生対象の集団指導　※関西・名古屋勤務 正社員","株式会社ウィルウェイ","愛知県、滋賀県、京都府、大阪府、兵庫県、奈良県","大阪市北区角田町8-1　梅田阪急ビルオフィスタワー35F","〒 530-0017 大阪市北区角田町8-1　梅田阪急ビルオフィスタワー35F 地図を見る","人事部　採用担当","06-6367-1100（直通）","","","教育","■東京本部■ 新宿区西新宿1-25-1　新宿センタービル35Ｆ 電話番号：03-3343-8000 交通：「都庁前駅」徒歩2分、各線「新宿駅」徒歩5分 ■京都本部■ 京都市中京区烏丸通三条上る場之町603　システムディ本社ビル2F・3F 電話番号：075-212-1600 交通：地下鉄東西線・烏丸線「烏丸御池駅」すぐ","MT-S","情報更新日：2019/10/25 掲載終了予定日：2019/11/21","mynavi"
https://vp-web-crawl.s3-ap-northeast-1.amazonaws.com/mynavi/tenshoku.mynavi.jp/jobinfo-181937-1-15-1/index.html,"1430001032205","1","平均月収50万円以上！【施工職(配管工/上下水道/大工/内装)】 正社員","株式会社ライフサポート","埼玉県、千葉県、東京都、神奈川県、大阪府、兵庫県","東京都渋谷区大山町45-18 代々木上原ウエストビル3階","〒 151-0065 東京都渋谷区大山町45-18 代々木上原ウエストビル3階 地図を見る","採用担当","","","","設備工事","","MT-S","情報更新日：2019/10/11 掲載終了予定日：2019/11/07","mynavi"
https://vp-web-crawl.s3-ap-northeast-1.amazonaws.com/mynavi/tenshoku.mynavi.jp/jobinfo-237975-1-2-1/index.html,"9021001049124","1","◆未経験OK ◆20～40代活躍中！【営業兼人材コーディネーター】 正社員","株式会社リンクスタッフ","埼玉県、千葉県、東京都、神奈川県","東京都新宿区西新宿6-12-4 コイトビル7階","〒 160-0023 東京都新宿区西新宿6-12-4 コイトビル7階 地図を見る","採用担当","","","","アウトソーシング","","MT-S","情報更新日：2019/10/25 掲載終了予定日：2019/12/19","mynavi"
https://vp-web-crawl.s3-ap-northeast-1.amazonaws.com/mynavi/tenshoku.mynavi.jp/jobinfo-183324-1-20-1/index.html,"9013301036728","0","南国セブ島で働く【内勤営業】責任者候補／年内入社歓迎 正社員","株式会社アクセスオンライン","海外","■東京本社／東京都豊島区東池袋1-32-7　三井生命池袋ビル6F ■大阪本社／大阪府大阪市北区梅田1-1-3-2700　大阪駅前第3ビル27F","〒 170-0013 東京都豊島区東池袋1-32-7　三井生命池袋ビル6階 地図を見る","採用担当","0120-952-031（代表）","","","総合商社","","MT-S","情報更新日：2019/10/25 掲載終了予定日：2019/12/05","mynavi"
https://vp-web-crawl.s3-ap-northeast-1.amazonaws.com/mynavi/tenshoku.mynavi.jp/jobinfo-166228-1-1-1/index.html,"8180001112331","0","転職ではなく独立という選択【FCオーナー】 FCオーナー","株式会社うちすけ","北海道、青森県、宮城県、秋田県、山形県、福島県、茨城県、栃木県、群馬県、埼玉県、千葉県、東京都、神奈川県、富山県、石川県、福井県、長野県、岐阜県、静岡県、愛知県、三重県、滋賀県、京都府、大阪府、兵庫県、奈良県、和歌山県、島根県、岡山県、広島県、山口県、徳島県、香川県、愛媛県、高知県、福岡県、佐賀県、長崎県、熊本県、大分県、宮崎県、鹿児島県、沖縄県","東京都中央区日本橋本石町3-1-2 FORECAST新常盤橋11階","〒 103-0021 東京都中央区日本橋本石町3-1-2 新常盤橋ビル11F 地図を見る","","0120-940-797","","","サービス（その他）","【受付時間／9：00～19：00】","MT-S","情報更新日：2019/10/25 掲載終了予定日：2019/11/21","mynavi"
https://vp-web-crawl.s3-ap-northeast-1.amazonaws.com/mynavi/tenshoku.mynavi.jp/jobinfo-260719-1-1-1/index.html,"6080101016023","1","＊地域に貢献できる！【ホテル運営スタッフ】 正社員","株式会社星野リゾート・マネジメント","神奈川県、静岡県","沖縄県八重山郡竹富町字竹富1955 ※本社機能／東京都中央区銀座1-11-1 東京橋ビル2階","〒 2500312 神奈川県足柄下郡箱根町湯本茶屋230 地図を見る","","","","","ホテル・旅館","","MT-S","情報更新日：2019/10/25 掲載終了予定日：2019/12/05","mynavi"
https://vp-web-crawl.s3-ap-northeast-1.amazonaws.com/mynavi/tenshoku.mynavi.jp/jobinfo-189793-1-33-1/index.html,"99","0","【Webエンジニア】現状を変え、スタートアップで急成長できる！ 正社員","株式会社BrandingEngineer","埼玉県、東京都、神奈川県","東京都渋谷区円山町28-3 いちご渋谷道玄坂ビル5F","〒 150-0044 東京都渋谷区円山町28-3 いちご渋谷道玄坂ビル5F 地図を見る","採用担当","03-6416-0325","","","インターネット関連","　≪交通アクセス≫ 京王井の頭線「神泉」駅 南口より徒歩3分 各線「渋谷」駅より徒歩8分","MT-S","情報更新日：2019/10/11 掲載終了予定日：2019/11/07","mynavi"
https://vp-web-crawl.s3-ap-northeast-1.amazonaws.com/mynavi/tenshoku.mynavi.jp/jobinfo-115538-1-2-1/index.html,"99","0","飲食店開業をサポートする【法人営業】★土日祝休み 正社員","株式会社ABC店舗","東京都","東京都港区浜松町1-31　文化放送メディアプラス5階 《2020年2月にオフィスを移転予定》 東京都品川区大崎1-11-1 ゲートシティ大崎 ウエストタワー21階","〒 105-0013 東京都港区浜松町1-31　文化放送メディアプラス5階 地図を見る","採用担当","","","","インターネット関連","","MT-S","情報更新日：2019/10/17 掲載終了予定日：2019/12/05","mynavi"
https://vp-web-crawl.s3-ap-northeast-1.amazonaws.com/mynavi/tenshoku.mynavi.jp/jobinfo-257055-1-1-1/index.html,"7020001117826","0","新しい働き方をはじめませんか？【直営店の店長】★オーナー候補 契約社員","株式会社エル・ティーエフ","埼玉県、千葉県、東京都、神奈川県","神奈川県横浜市中区日本大通17番地","〒 231-0021 神奈川県横浜市中区日本大通17番地 地図を見る","採用担当","","","","コンビニエンスストア","","MT-S","情報更新日：2019/10/25 掲載終了予定日：2019/12/19","mynavi"
https://vp-web-crawl.s3-ap-northeast-1.amazonaws.com/mynavi/tenshoku.mynavi.jp/jobinfo-109593-1-3-1/index.html,"1010001009476","1","インフラ系エンジニア（セキュリティ/クラウド/NW/サーバ） 正社員","株式会社アイティーシー","埼玉県、千葉県、東京都、神奈川県、京都府、大阪府、兵庫県","東京都豊島区南池袋1丁目16番15号　ダイヤゲート池袋　10階","〒 171-0021 東京都豊島区南池袋1丁目16番15号　ダイヤゲート池袋　10階 地図を見る","採用担当","","","","ソフトウェア・情報処理","","MT-S","情報更新日：2019/10/25 掲載終了予定日：2019/12/05","mynavi"
https://vp-web-crawl.s3-ap-northeast-1.amazonaws.com/mynavi/tenshoku.mynavi.jp/jobinfo-52476-1-268-1/index.html,"5040001034591","1","【CADオペレーター】★最短3日で内定 ★年休125日 ★残業月16h 正社員","株式会社スタッフサービス","北海道、青森県、岩手県、宮城県、秋田県、山形県、福島県、茨城県、栃木県、群馬県、埼玉県、千葉県、東京都、神奈川県、富山県、石川県、福井県、新潟県、山梨県、長野県、岐阜県、静岡県、愛知県、三重県、滋賀県、京都府、大阪府、兵庫県、奈良県、和歌山県、鳥取県、島根県、岡山県、広島県、山口県、徳島県、香川県、愛媛県、高知県、福岡県、佐賀県、長崎県、熊本県、大分県、宮崎県、鹿児島県","東京都千代田区神田練塀町85番地　ＪＥＢＬ秋葉原スクエア","〒 101-0022 東京都千代田区神田練塀町85番地　ＪＥＢＬ秋葉原スクエア 地図を見る","担当／採用担当","03-5209-7520（直通）","","","人材派遣・人材紹介","■契約社員も同時募集中！■ 契約社員も同時募集しています。 詳しくは直接お尋ねください。","MT-S","情報更新日：2019/10/11 掲載終了予定日：2019/11/07","mynavi"
https://vp-web-crawl.s3-ap-northeast-1.amazonaws.com/mynavi/tenshoku.mynavi.jp/jobinfo-255807-1-4-1/index.html,"8080401001549","0","小・中等部【塾スタッフ】※引越し費用負担あり 正社員","株式会社クラ・ゼミ","静岡県、愛知県","静岡県浜松市中区田町230-15","〒 430-0944 静岡県浜松市中区田町230-15 地図を見る","採用担当","","","","教育","","MT-S","情報更新日：2019/10/25 掲載終了予定日：2019/12/05","mynavi"
https://vp-web-crawl.s3-ap-northeast-1.amazonaws.com/mynavi/tenshoku.mynavi.jp/jobinfo-260483-1-1-1/index.html,"99","0","【税理士・税理士候補】★学校のための早帰りOK！★残業少なめ 正社員","AOJ税理士法人★完全週休2日制(土日祝)★充実の資格取得支援制度","東京都","東京都中央区八丁堀4-2-10 BRICK GATE KYOBASHI３F","〒 104-0032 東京都中央区八丁堀4-2-10 BRICK GATE KYOBASHI３F 地図を見る","","","","","個人事務所（士業）","","MT-S","情報更新日：2019/10/25 掲載終了予定日：2019/12/19","mynavi"
https://vp-web-crawl.s3-ap-northeast-1.amazonaws.com/mynavi/tenshoku.mynavi.jp/jobinfo-103427-1-31-1/index.html,"3430001031832","1","【店舗運営スタッフ】※全国のモバイルショップで正社員募集！ 正社員","株式会社フェイス","青森県、東京都、新潟県、愛知県、滋賀県、京都府、大阪府、兵庫県、奈良県、和歌山県、広島県、山口県、徳島県、香川県、愛媛県、高知県","神戸市中央区磯辺通4丁目2番26号 新芙蓉ビル4F","〒 540-0024 ◆大阪営業所 大阪市中央区南新町1丁目3番10号 南新町EXCEL BLDG.1階 地図を見る","採用担当","06-4791-1021","","","通信関連","","MT-S","情報更新日：2019/10/25 掲載終了予定日：2019/12/19","mynavi"
https://vp-web-crawl.s3-ap-northeast-1.amazonaws.com/mynavi/tenshoku.mynavi.jp/jobinfo-110680-1-30-1/index.html,"3030001000431","1","未経験OK♪【住まいプランナー】★9連休取得可能★ 正社員","株式会社アキュラホーム","埼玉県","東京都新宿区西新宿2-6-1 新宿住友ビルディング34階","〒 163-0234 東京都新宿区西新宿2-6-1 新宿住友ビルディング34F 地図を見る","採用担当","0120-403-400（直通）","","","住宅・建材・エクステリア","▼【新宿本社】 住　所：東京都新宿区西新宿2-6-1 新宿住友ビルディング34階","MT-S","情報更新日：2019/10/25 掲載終了予定日：2019/12/05","mynavi"
https://vp-web-crawl.s3-ap-northeast-1.amazonaws.com/mynavi/tenshoku.mynavi.jp/jobinfo-174567-1-31-1/index.html,"2480001006351","1","★名古屋限定募集★ 週休3日制！SoftBank【受付スタッフ】 正社員","テレック株式会社","愛知県","大阪市中央区南船場4-3-2　ヒューリック心斎橋ビル5階 愛知県名古屋市中区金山1-17-1","〒 542-0081 大阪市中央区南船場4-3-2　ヒューリック心斎橋ビル5階 地図を見る","採用担当：伊藤","06-6258-5888（代表）","","","通信関連","【交通アクセス】 ・地下鉄「心斎橋」駅より　徒歩1分","MT-S","情報更新日：2019/10/25 掲載終了予定日：2019/12/05","mynavi"
https://vp-web-crawl.s3-ap-northeast-1.amazonaws.com/mynavi/tenshoku.mynavi.jp/jobinfo-204363-1-10-1/index.html,"99","0","【TV・CM制作スタッフ】★未経験・第二新卒歓迎★入社祝金7万円 正社員","WISENLARGE株式会社","埼玉県、千葉県、東京都、神奈川県","東京都渋谷区神宮前6-33-14","〒 150-0001 東京都渋谷区神宮前6-33-14 地図を見る","採用担当","","","","放送・映像・音響","","MT-S","情報更新日：2019/10/25 掲載終了予定日：2019/12/05","mynavi"
https://vp-web-crawl.s3-ap-northeast-1.amazonaws.com/mynavi/tenshoku.mynavi.jp/jobinfo-251106-1-4-1/index.html,"1122001017167","0","【反響営業】＼＼未経験からでも売れる仕組みが整っている／／ 正社員","株式会社シンセン住宅販売","大阪府","大阪府大東市新田本町2番2号","〒 574-0055 大阪府大東市新田本町2番2号 地図を見る","","072-874-1119","","","住宅・建材・エクステリア","","MT-S","情報更新日：2019/10/25 掲載終了予定日：2019/11/21","mynavi"
https://vp-web-crawl.s3-ap-northeast-1.amazonaws.com/mynavi/tenshoku.mynavi.jp/jobinfo-227190-1-52-1/index.html,"4010801009318","0","【設備保全スタッフ】未経験から「手に職」&「国家資格」をGET！ 正社員","日研トータルソーシング株式会社","北海道、青森県、岩手県、宮城県、秋田県、山形県、福島県、茨城県、栃木県、群馬県、埼玉県、千葉県、東京都、神奈川県、富山県、石川県、福井県、新潟県、山梨県、長野県、岐阜県、静岡県、愛知県、三重県、滋賀県、京都府、大阪府、兵庫県、奈良県、和歌山県、鳥取県、島根県、岡山県、広島県、山口県、徳島県、香川県、愛媛県、高知県、福岡県、佐賀県、長崎県、熊本県、大分県、宮崎県、鹿児島県","〒144-0051 東京都大田区西蒲田7-23-3 日研第一ビル","〒 144-0051 東京都大田区西蒲田7-23-3　日研第一ビル 地図を見る","採用担当","0120-45-8329","","","アウトソーシング","","MT-S","情報更新日：2019/10/11 掲載終了予定日：2019/11/07","mynavi"
https://vp-web-crawl.s3-ap-northeast-1.amazonaws.com/mynavi/tenshoku.mynavi.jp/jobinfo-90887-1-26-1/index.html,"1430001042212","1","◆◇育成枠採用◇◆【 カーライフアドバイザー 】★全国募集 正社員","株式会社ネクステージ","北海道、宮城県、栃木県、群馬県、埼玉県、千葉県、東京都、神奈川県、富山県、石川県、福井県、新潟県、山梨県、長野県、岐阜県、静岡県、愛知県、三重県、滋賀県、大阪府、兵庫県、和歌山県、愛媛県、福岡県、熊本県、大分県、鹿児島県","愛知県名古屋市中区新栄町1丁目1　明治安田生命ビル14階","〒 461-0004 愛知県名古屋市中区新栄町1丁目1　明治安田生命ビル１４階 地図を見る","採用担当","052-228-8971（直通）","","","輸送用機器（自動車含む）","","MT-S","情報更新日：2019/10/09 掲載終了予定日：2019/11/07","mynavi"
https://vp-web-crawl.s3-ap-northeast-1.amazonaws.com/mynavi/tenshoku.mynavi.jp/jobinfo-253172-1-2-1/index.html,"3020001084392","0","年収600万円以上も可！【店舗スタッフ】★SV候補★未経験OK 正社員","株式会社玉","東京都、神奈川県、海外","〒210-0001 神奈川県川崎市川崎区本町1-3-15 本町サミットビル203","〒 210-0001 神奈川県川崎市川崎区本町1-3-15 本町サミットビル203 地図を見る","採用担当","044-200-4761","","","フードビジネス（ファストフード）","仕事内容、待遇についての質問などございましたら、 上記番号へとお気軽にご連絡ください。","MT-S","情報更新日：2019/10/25 掲載終了予定日：2019/12/05","mynavi"
https://vp-web-crawl.s3-ap-northeast-1.amazonaws.com/mynavi/tenshoku.mynavi.jp/jobinfo-103012-1-3-1/index.html,"1010401076488","1","素敵な出会いをご提供♪完全未経験から育成【結婚アドバイザー】 正社員","株式会社オーネット","北海道、宮城県、茨城県、栃木県、千葉県、東京都、神奈川県、石川県、岐阜県、静岡県、愛知県、京都府、大阪府、兵庫県、岡山県、香川県","東京都世田谷区玉川1-14-1 楽天クリムゾンハウス","〒 158-0094 東京都世田谷区玉川1-14-1 楽天クリムゾンハウス 地図を見る","採用担当","","","","冠婚葬祭","","MT-S","情報更新日：2019/10/24 掲載終了予定日：2019/11/21","mynavi"
https://vp-web-crawl.s3-ap-northeast-1.amazonaws.com/mynavi/tenshoku.mynavi.jp/jobinfo-223781-1-4-1/index.html,"99","0","【不動産管理】☆残業1日1h以内！☆賞与4ヶ月分支給実績あり 正社員","株式会社MEコーポレーション","東京都","〒153-0051 東京都目黒区上目黒3-3-14 アサヒ電機朝日生命中目黒ビル3F","〒 1530051 東京都目黒区上目黒3-3-14 アサヒ電機朝日生命中目黒ビル3F 地図を見る","採用担当","03-5724-5271","","","不動産","","MT-S","情報更新日：2019/10/25 掲載終了予定日：2019/11/21","mynavi"
https://vp-web-crawl.s3-ap-northeast-1.amazonaws.com/mynavi/tenshoku.mynavi.jp/jobinfo-234597-1-6-1/index.html,"4060001003538","0","「未経験」も「経験者」も大満足【サービススタッフ】※面接保証 正社員","日星石油株式会社","栃木県","栃木県宇都宮市不動前2丁目2番51号","〒 320-0833 栃木県宇都宮市不動前2丁目2番51号 地図を見る","採用担当","028-633-1411","","","サービス（その他）","※電話応募も受け付けております","MT-S","情報更新日：2019/10/25 掲載終了予定日：2019/12/19","mynavi"
https://vp-web-crawl.s3-ap-northeast-1.amazonaws.com/mynavi/tenshoku.mynavi.jp/jobinfo-256502-1-6-1/index.html,"99","0","【総合職】リクルートの海外事業／アジア全域募集 正社員","RGFHRAgentグループ合同募集","東京都、海外","― ◆RGF HR Aqent India(RGF Select India Private Limited) 【本社所在地】 101-102-103, 1st Floor, Vatika City Point, MG Road, Gurgaon 122002, India ◆RGF HR Agent Hong Kong Limited 【本社所在地】 Unit 2206, 22/F, Wu Chung House, 213 Queen’s Road East, Wan Chai, Hong Kong 香港灣仔皇后大道東213號　胡忠大廈22樓2206室 ◆RGF Human Resource Consulting Shanghai Co., Ltd. 【本社所在地】 上海市淮海中路98号 金鐘広場5階0525室 ◆RGFタレントソリューションズ株式会社 【本社所在地】 東京都港区虎ノ門4-1-28 虎ノ門タワーズオフィス 22階","〒 105-0001 東京都港区虎ノ門4-1-28　虎ノ門タワーズオフィス22階 地図を見る","RGF HR Agent 採用担当","","","","人材派遣・人材紹介","","MT-S","情報更新日：2019/10/24 掲載終了予定日：2019/11/07","mynavi"
https://vp-web-crawl.s3-ap-northeast-1.amazonaws.com/mynavi/tenshoku.mynavi.jp/jobinfo-261089-1-1-1/index.html,"99","0","住まいの【フォロー営業】未経験でも月給27万円～■完全週休2日 正社員","株式会社Sun.gy","大阪府","大阪府大阪市北区梅田1-3-1 大阪駅前第1ビル6Ｆ11-2","〒 530-0001 大阪府大阪市北区梅田1-3-1 大阪駅前第1ビル6Ｆ11-2 地図を見る","採用担当","06-4796-6797","","","リフォーム・内装工事","※営業のお電話はご遠慮ください","MT-S","情報更新日：2019/10/25 掲載終了予定日：2019/12/05","mynavi"
https://vp-web-crawl.s3-ap-northeast-1.amazonaws.com/mynavi/tenshoku.mynavi.jp/jobinfo-234799-1-6-1/index.html,"99","0","【ITエンジニア】★月給30万円以上 ★年休125日 ★20代活躍中 正社員","株式会社アーバンウェブ","埼玉県、千葉県、東京都、神奈川県","東京都千代田区神田佐久間町1-17 亀谷ビル7F","〒 101-0025 東京都千代田区神田佐久間町1-17 亀谷ビル7F 地図を見る","採用担当","","","","ソフトウェア・情報処理","","MT-S","情報更新日：2019/09/27 掲載終了予定日：2019/11/21","mynavi"
https://vp-web-crawl.s3-ap-northeast-1.amazonaws.com/mynavi/tenshoku.mynavi.jp/jobinfo-235727-1-4-1/index.html,"1011001097560","0","【総合職(店長/ホール/キッチン)】◆月給27万円～＋賞与年3回 正社員","カイザーキッチン株式会社","千葉県、東京都、神奈川県、愛知県","東京都目黒区上目黒1-22-4中目黒駅前ビル 3F","〒 153-0051 東京都目黒区上目黒1-22-4 中目黒勧業ビル 3F 地図を見る","採用担当","","","","フードビジネス（洋食）","","MT-S","情報更新日：2019/10/25 掲載終了予定日：2019/12/19","mynavi"
https://vp-web-crawl.s3-ap-northeast-1.amazonaws.com/mynavi/tenshoku.mynavi.jp/jobinfo-197614-1-12-1/index.html,"4010401063970","0","OLIVE SPAの【総合職(受付/エステティシャン)】月給25.9万円以上 正社員","株式会社オリーブスパ","東京都、神奈川県、愛知県、京都府、大阪府、福岡県、海外","〒106-0047　 東京都港区南麻布4-5-48フォーサイト南麻布2F","〒 106-0047 東京都港区南麻布4-5-48 フォーサイト南麻布2階 地図を見る","採用担当","03-5488-7877（直通）","","","エステティック・美容・理容","","MT-S","情報更新日：2019/10/25 掲載終了予定日：2019/11/21","mynavi"
https://vp-web-crawl.s3-ap-northeast-1.amazonaws.com/mynavi/tenshoku.mynavi.jp/jobinfo-175368-1-1-1/index.html,"4180001090143","1","★大手家電メーカーのプロジェクトを手掛ける【ITエンジニア】 正社員","株式会社テクノウェイブ","神奈川県","東京都新宿区四谷本塩町15-9 ラボ東京ビル4F","〒 160-0003 東京都新宿区四谷本塩町15-9 ラボ東京ビル4F 地図を見る","採用担当","","","","人材派遣・人材紹介","","MT-S","情報更新日：2019/10/25 掲載終了予定日：2019/12/19","mynavi"
https://vp-web-crawl.s3-ap-northeast-1.amazonaws.com/mynavi/tenshoku.mynavi.jp/jobinfo-103325-1-1-1/index.html,"99","0","未来型オフィスや商業施設をつくる【施工管理】学歴・資格不問 正社員","NSK株式会社","北海道、宮城県、東京都、石川県、静岡県、愛知県、大阪府、岡山県、広島県、香川県、福岡県、沖縄県","東京都千代田区九段南2-3-1 青葉第一ビル","〒 102-0074 東京都千代田区九段南2-3-1 青葉第一ビル 地図を見る","企画・総務部　高橋","03-5213-1501（代表）","","","設備工事","≪本社へのアクセス≫ 各線「九段下」駅より 徒歩8分 各線「市ヶ谷」駅より 徒歩12分","MT-S","情報更新日：2019/10/15 掲載終了予定日：2019/11/07","mynavi"
https://vp-web-crawl.s3-ap-northeast-1.amazonaws.com/mynavi/tenshoku.mynavi.jp/jobinfo-178367-1-21-1/index.html,"6080401016383","0","未経験OK！専門メーカーで活躍できる【設計】 正社員","株式会社竜洋","静岡県","静岡県磐田市南平松10-1","〒 438-0221 静岡県磐田市南平松10-1 地図を見る","採用担当　鈴木　恵","0538-66-2808","","","鉱業・金属製品・鉄鋼","お電話でのご応募も受け付けております。 不明な点や、質問などもお気軽にお問い合わせください。","MT-S","情報更新日：2019/10/25 掲載終了予定日：2019/12/05","mynavi"
https://vp-web-crawl.s3-ap-northeast-1.amazonaws.com/mynavi/tenshoku.mynavi.jp/jobinfo-179899-1-3-1/index.html,"5011001006550","0","東京ガスグループの【空調設備メンテナンス】★平均年収639万円 正社員","株式会社協和日成","東京都","東京都中央区入船3-8-5","〒 104-0042 東京都中央区入船3-8-5 地図を見る","採用担当","","","","電力・ガス・エネルギー","","MT-S","情報更新日：2019/10/25 掲載終了予定日：2019/12/05","mynavi"
https://vp-web-crawl.s3-ap-northeast-1.amazonaws.com/mynavi/tenshoku.mynavi.jp/jobinfo-197498-1-10-1/index.html,"99","0","ステーキ屋さんの【店舗スタッフ】★面接1回 ★45歳以下全員面接 正社員","株式会社atダイニング","埼玉県、東京都","東京都西東京市田無町3-3-14 ベルビュー田無101","〒 188-0011 東京都西東京市田無町3-3-14 ベルビュー田無101 地図を見る","採用担当","042-469-5651（代表）","","","フードビジネス（総合）","【アクセス】 西武新宿線「田無」駅より徒歩6分","MT-S","情報更新日：2019/10/25 掲載終了予定日：2019/12/05","mynavi"
https://vp-web-crawl.s3-ap-northeast-1.amazonaws.com/mynavi/tenshoku.mynavi.jp/jobinfo-205767-1-6-1/index.html,"6460301004227","1","【ルートサービス】土日休プライベート充実☆子育て世代が活躍中 正社員","株式会社ロジカル","埼玉県、東京都、神奈川県、新潟県","東京都足立区竹の塚二丁目32-13","〒 189-0011 東京都東村山市恩多町1-10-1 地図を見る","採用担当","042-397-1931（代表）","","","海運・鉄道・空輸・陸運","","MT-S","情報更新日：2019/10/23 掲載終了予定日：2019/11/07","mynavi"
https://vp-web-crawl.s3-ap-northeast-1.amazonaws.com/mynavi/tenshoku.mynavi.jp/jobinfo-243685-1-9-1/index.html,"4011101062271","0","会社とともに急成長できる！介護人材サービスの【提案営業】 正社員","株式会社ネオキャリア","北海道、岩手県、宮城県、茨城県、栃木県、群馬県、埼玉県、千葉県、東京都、神奈川県、石川県、新潟県、山梨県、長野県、岐阜県、静岡県、愛知県、三重県、滋賀県、京都府、大阪府、兵庫県、奈良県、岡山県、広島県、香川県、愛媛県、福岡県、長崎県、熊本県、鹿児島県","東京都新宿区西新宿1-22-2 新宿サンエービル 2階","〒 160-0023 東京都新宿区西新宿1-20-2 新宿ホウライビル4F 地図を見る","採用担当（中村・西嶋）","03-6327-2261","","","広告","＜アクセス＞ 各線『新宿駅』から徒歩6分","MT-S","情報更新日：2019/09/27 掲載終了予定日：2019/11/07","mynavi"
https://vp-web-crawl.s3-ap-northeast-1.amazonaws.com/mynavi/tenshoku.mynavi.jp/jobinfo-258108-1-1-1/index.html,"99","0","次世代電池制御で未来を切り拓く【開発系エンジニア】 正社員","NExT-eSolutions株式会社","東京都","東京都文京区本郷7-3-1 東京大学アントレプレナープラザ202","〒 113-0033 東京都文京区本郷7-3-1　東京大学アントレプレナープラザ202 地図を見る","採用担当","","","","半導体・電子・電気機器","","MT-S","情報更新日：2019/09/27 掲載終了予定日：2019/11/21","mynavi"
https://vp-web-crawl.s3-ap-northeast-1.amazonaws.com/mynavi/tenshoku.mynavi.jp/jobinfo-117179-1-15-3/index.html,"7013301000925","0","ホテル新規開業につき【宿泊部門スタッフ】を募集します　＃鎌倉 正社員","日本ホテル株式会社","神奈川県","東京都豊島区西池袋1-6-1 ※現在、本社業務は「豊島区西池袋1-11-1 メトロポリタンプラザ13階」で行っています。","〒 171-0021 東京都豊島区西池袋1-11-1 メトロポリタンプラザビル13F 地図を見る","総務部人事グループ　鎌倉採用担当","","","","ホテル・旅館","本社アクセス／ 各線「池袋」駅より、徒歩3分 ※JR池袋駅　メトロポリタン口　が便利です。","MT-S","情報更新日：2019/10/25 掲載終了予定日：2019/11/21","mynavi"
https://vp-web-crawl.s3-ap-northeast-1.amazonaws.com/mynavi/tenshoku.mynavi.jp/jobinfo-107668-1-8-1/index.html,"4120001036085","0","イベント用のお弁当を提案する【法人営業】※基本土日祝休み 正社員","株式会社ハークスレイ","東京都、大阪府","【大阪本社】大阪市北区鶴野町3-10 【東京本社】東京都港区浜松町2-4-1 　　　　　　世界貿易センタービルディング32階","〒 530-0014 【大阪本社】 大阪市北区鶴野町3-10 地図を見る","採用担当","06-6376-8086（直通）","","","専門店（食品関連）","","MT-S","情報更新日：2019/10/25 掲載終了予定日：2019/12/05","mynavi"
https://vp-web-crawl.s3-ap-northeast-1.amazonaws.com/mynavi/tenshoku.mynavi.jp/jobinfo-260337-1-1-1/index.html,"99","0","29歳以下の方は全員面接★未経験からスタート【ITエンジニア】 正社員","株式会社GOOYA","東京都、神奈川県","東京都渋谷区渋谷1-17-4 PMO渋谷 10F","〒 150-0002 東京都渋谷区渋谷1-17-4 PMO渋谷 10F 地図を見る","採用担当","","","","インターネット関連","","MT-S","情報更新日：2019/10/25 掲載終了予定日：2019/12/05","mynavi"
https://vp-web-crawl.s3-ap-northeast-1.amazonaws.com/mynavi/tenshoku.mynavi.jp/jobinfo-147722-1-60-1/index.html,"99","0","新規事業に挑戦！採用支援の【Webマーケティング広告営業】 正社員","株式会社ネオキャリア|【オウンドメディアリクルーティング事業部】働き方改革成功企業／7年連続120％成長","東京都、大阪府","東京都新宿区西新宿1-22-2 新宿サンエービル 2階","〒 163-0926 東京都千代田区鍛冶町2-9-12　7階 地図を見る","採用担当","","","","インターネット関連","JR線、銀座線『神田駅』より徒歩4分","MT-S","情報更新日：2019/10/11 掲載終了予定日：2019/11/21","mynavi"
https://vp-web-crawl.s3-ap-northeast-1.amazonaws.com/mynavi/tenshoku.mynavi.jp/jobinfo-176029-1-39-1/index.html,"1120901023516","1","飽きることなく、充実の毎日が過ごせる【ホテルフロント】 正社員","株式会社共立メンテナンス","北海道、青森県、岩手県、宮城県、秋田県、福島県、茨城県、群馬県、埼玉県、千葉県、東京都、神奈川県、富山県、石川県、福井県、新潟県、山梨県、長野県、岐阜県、静岡県、愛知県、三重県、京都府、大阪府、兵庫県、奈良県、和歌山県、鳥取県、島根県、岡山県、広島県、山口県、香川県、愛媛県、高知県、福岡県、長崎県、熊本県、大分県、宮崎県、鹿児島県","東京都千代田区外神田2-18-8","〒 101-8621 東京都千代田区外神田2-18-8 地図を見る","ホテルドーミーイン採用担当","03-5295-7793","","","ホテル・旅館","＜応募情報の取り扱いに関して＞ ご応募いただく個人情報は採用業務にのみ利用し 他の目的での利用や第三者へ譲渡・開示することはありません。","MT-S","情報更新日：2019/10/25 掲載終了予定日：2019/11/21","mynavi"
https://vp-web-crawl.s3-ap-northeast-1.amazonaws.com/mynavi/tenshoku.mynavi.jp/jobinfo-128927-1-32-1/index.html,"99","0","公共放送の【法人向け広報営業】※最大年間休日休暇137日 正社員","株式会社WEDGE","大阪府、兵庫県","大阪府吹田市豊津町13-44 ユカミ江坂ビル1F-6F","〒 564-0051 大阪府吹田市豊津町13-44 ユカミ江坂ビル1F-6F 地図を見る","採用担当","06-6369-7929","","","放送・映像・音響","【交通アクセス】 地下鉄御堂筋線「江坂」駅から徒歩3分","MT-S","情報更新日：2019/10/25 掲載終了予定日：2019/12/05","mynavi"
https://vp-web-crawl.s3-ap-northeast-1.amazonaws.com/mynavi/tenshoku.mynavi.jp/jobinfo-252175-1-2-1/index.html,"99","0","【配送ドライバー】★残業ほぼなし ★完全週休2日 ★未経験歓迎 正社員","TSネットワーク株式会社","北海道、宮城県、茨城県、群馬県、埼玉県、東京都、神奈川県、石川県、長野県、京都府、大阪府、兵庫県","東京都台東区浅草橋4-17-7","〒 111-0053 東京都台東区浅草橋4-17-7 地図を見る","採用担当","03-3861-7310","","","物流・倉庫","","MT-S","情報更新日：2019/10/11 掲載終了予定日：2019/11/21","mynavi"
https://vp-web-crawl.s3-ap-northeast-1.amazonaws.com/mynavi/tenshoku.mynavi.jp/jobinfo-259753-1-3-1/index.html,"5430001005181","1","【総合職（フロント・コース管理・ホテルフロント）】 正社員","株式会社クラシック","山梨県","大阪府大東市龍間266-8","〒 401-0338 山梨県南都留郡富士河口湖町富士ヶ嶺2-2 地図を見る","採用担当","","","","不動産","","MT-S","情報更新日：2019/10/21 掲載終了予定日：2019/12/05","mynavi"
https://vp-web-crawl.s3-ap-northeast-1.amazonaws.com/mynavi/tenshoku.mynavi.jp/jobinfo-250464-1-6-1/index.html,"99","0","【技術職(電気工事／電気工事施工管理)】★資格手当は最大10万円 正社員","株式会社SKシステム","大阪府、福岡県、長崎県、沖縄県","長崎県長崎市女の都1-1533-4","〒 851-2123 長崎県西彼杵郡長与町平木場郷522-1 地図を見る","採用担当","095-813-4772（代表）","","","設備工事","上記は総合事務所の住所・連絡先となります。 ご質問等がございましたら、お気軽にどうぞ。","MT-S","情報更新日：2019/10/25 掲載終了予定日：2019/12/05","mynavi"
https://vp-web-crawl.s3-ap-northeast-1.amazonaws.com/mynavi/tenshoku.mynavi.jp/jobinfo-259935-1-1-1/index.html,"99","0","完全反響！人を大切に育てる【営業】未経験OK/定時退社/月26万円 正社員","株式会社Progress","東京都","横浜市中区住吉町2丁目21番1号 フレックスタワー横浜関内501号室","〒 231-0013 横浜市中区住吉町2丁目21番1号 フレックスタワー横浜関内501号室 地図を見る","採用担当","03-5730-3660","","","不動産","","MT-S","情報更新日：2019/10/25 掲載終了予定日：2019/12/05","mynavi"
https://vp-web-crawl.s3-ap-northeast-1.amazonaws.com/mynavi/tenshoku.mynavi.jp/jobinfo-257189-1-4-1/index.html,"4011101057379","1","ネット銀行を支える【総合職(営業/事務/カスタマーサポート)】 正社員","株式会社じぶん銀行","東京都","東京都中央区日本橋1丁目19番1号","〒 100-0003 東京都千代田区一ツ橋1-1-1　パレスサイドビル6階 地図を見る","マイナビ転職キャリアパートナー内 株式会社じぶん銀行採用事務局","","","","銀行","上記は、株式会社マイナビ（マイナビ転職 キャリアパートナー）内／株式会社じぶん銀行採用事務局の所在地です。","MT-S","情報更新日：2019/10/25 掲載終了予定日：2019/11/21","mynavi"
https://vp-web-crawl.s3-ap-northeast-1.amazonaws.com/mynavi/tenshoku.mynavi.jp/jobinfo-249638-1-14-1/index.html,"3290801005224","1","【施工管理(建築・土木)】※賞与年平均7ヶ月支給 ※土日休み 正社員","九鉄工業株式会社","福岡県、佐賀県、長崎県、熊本県、大分県、宮崎県、鹿児島県","◆福岡本社／福岡市博多区博多駅南6-3-1 ◆本社／北九州市門司区小森江3-12-10","〒 812-0016 福岡市博多区博多駅南6-3-1 地図を見る","採用担当","092-475-6760","","","建設・土木","","MT-S","情報更新日：2019/10/25 掲載終了予定日：2019/11/21","mynavi"
https://vp-web-crawl.s3-ap-northeast-1.amazonaws.com/mynavi/tenshoku.mynavi.jp/jobinfo-240401-1-2-1/index.html,"2010401003887","1","【プロモーションスタッフ】★平均年齢25歳！女性活躍中！ 契約社員","株式会社エーエスピー","北海道、東京都、愛知県、大阪府、福岡県","東京都中央区日本橋人形町3-3-13 ユニゾ人形町フォレストビル4F","〒 103-0013 東京都中央区日本橋人形町3-3-13 ユニゾ人形町フォレストビル4F 地図を見る","","","","","ディスプレイ・空間デザイン・イベント","","MT-S","情報更新日：2019/10/25 掲載終了予定日：2019/12/05","mynavi"
https://vp-web-crawl.s3-ap-northeast-1.amazonaws.com/mynavi/tenshoku.mynavi.jp/jobinfo-235459-1-3-1/index.html,"8430001007571","1","営業経験ゼロからでも、年収1000万を手に入れる！【営業職】 正社員","新日本住設株式会社","東京都","神戸本社／兵庫県神戸市中央区栄町通5-2-19 ※そのほか、東京・埼玉・神奈川・金沢・静岡・名古屋・滋賀・大阪・広島・福岡・鹿児島に拠点があります。（グループ会社の拠点を含む）","東京都千代田区平河町2-16-9 地図を見る","採用担当　 新日本住設株式会社　エナジーソリューション部　大西主将","03-6812-1240","","","リフォーム・内装工事","","MT-S","情報更新日：2019/09/27 掲載終了予定日：2019/11/07","mynavi"
https://vp-web-crawl.s3-ap-northeast-1.amazonaws.com/mynavi/tenshoku.mynavi.jp/jobinfo-154935-1-36-1/index.html,"5040001034591","1","【総務サポート事務】選べる勤務地☆土日祝休☆残業少なめ 紹介予定派遣","株式会社スタッフサービス","北海道、青森県、岩手県、宮城県、秋田県、山形県、福島県、茨城県、栃木県、群馬県、埼玉県、千葉県、東京都、神奈川県、富山県、石川県、福井県、新潟県、山梨県、長野県、岐阜県、静岡県、愛知県、三重県、滋賀県、京都府、大阪府、兵庫県、奈良県、和歌山県、鳥取県、島根県、岡山県、広島県、山口県、徳島県、香川県、愛媛県、高知県、福岡県、佐賀県、長崎県、熊本県、大分県、宮崎県、鹿児島県、沖縄県","東京都千代田区神田練塀町85 ＪＥＢＬ秋葉原スクエア","〒 101-0022 東京都千代田区神田練塀町85 ＪＥＢＬ秋葉原スクエア 地図を見る","登録担当","0120-022-022","","","人材派遣・人材紹介","","MT-S","情報更新日：2019/10/11 掲載終了予定日：2019/11/07","mynavi"
https://vp-web-crawl.s3-ap-northeast-1.amazonaws.com/mynavi/tenshoku.mynavi.jp/jobinfo-161900-1-280-1/index.html,"99","0","最短1日で内定も♪【工場内作業スタッフ】★月収38万円も可能 正社員","UTエイム株式会社","北海道、青森県、岩手県、宮城県、秋田県、山形県、福島県、茨城県、栃木県、群馬県、埼玉県、千葉県、東京都、神奈川県、富山県、石川県、新潟県、山梨県、長野県、岐阜県、静岡県、愛知県、三重県、滋賀県、京都府、大阪府、兵庫県、鳥取県、岡山県、広島県、山口県、愛媛県、福岡県、佐賀県、長崎県、熊本県、大分県、宮崎県、鹿児島県","東京都品川区東五反田一丁目11番15号 電波ビル6階","〒 141-0022 東京都品川区東五反田一丁目11番15号 電波ビル6階 地図を見る","採用担当","0120-458-816","","","アウトソーシング","【応募受付時間】 平日：8:00～21:00 土日祝：8:00～21:00 ※年末年始休暇期間除く。","MT-S","情報更新日：2019/10/25 掲載終了予定日：2019/11/21","mynavi"
https://vp-web-crawl.s3-ap-northeast-1.amazonaws.com/mynavi/tenshoku.mynavi.jp/jobinfo-26767-1-49-1/index.html,"6011001035920","0","将来のセコムを支える【総合職】※未経験者・第二新卒者大歓迎！ 正社員","セコム株式会社","北海道、青森県、岩手県、宮城県、秋田県、山形県、福島県、茨城県、栃木県、埼玉県、千葉県、東京都、神奈川県、岐阜県、静岡県、愛知県、滋賀県、京都府、大阪府、兵庫県、奈良県、和歌山県、鳥取県、岡山県、広島県、山口県、徳島県、香川県、愛媛県、福岡県、佐賀県、長崎県、熊本県、大分県、鹿児島県","東京都渋谷区神宮前1-5-1 セコム本社ビル","〒 150-0001 東京都渋谷区神宮前1-5-1　セコム本社ビル 地図を見る","人材採用部　キャリア採用担当","0120-314-756（直通）","","","セキュリティ","","MT-S","情報更新日：2019/10/25 掲載終了予定日：2019/12/05","mynavi"
https://vp-web-crawl.s3-ap-northeast-1.amazonaws.com/mynavi/tenshoku.mynavi.jp/jobinfo-250084-1-4-1/index.html,"99","0","【ITエンジニア/PG】★みなし残業無/賞与年12回/定年無/副業可 正社員","株式会社SEICORPORATION","東京都","東京都文京区本駒込2-9-6 聖ビル","〒 100-0004 東京都千代田区大手町1-1-1大手町パークビルディング7F 地図を見る","採用担当","","","","人材派遣・人材紹介","","MT-S","情報更新日：2019/10/25 掲載終了予定日：2019/12/19","mynavi"
https://vp-web-crawl.s3-ap-northeast-1.amazonaws.com/mynavi/tenshoku.mynavi.jp/jobinfo-108381-1-30-1/index.html,"5010005003959","0","未経験スタート20代30代活躍中！【営業総合職（営業所長候補）】 正社員","富国生命保険相互会社","北海道、青森県、岩手県、宮城県、秋田県、山形県、福島県、茨城県、栃木県、群馬県、埼玉県、千葉県、東京都、神奈川県、富山県、石川県、福井県、新潟県、山梨県、長野県、岐阜県、静岡県、愛知県、三重県、滋賀県、京都府、大阪府、兵庫県、奈良県、和歌山県、鳥取県、島根県、岡山県、広島県、山口県、徳島県、香川県、愛媛県、高知県、福岡県、佐賀県、長崎県、熊本県、大分県、宮崎県、鹿児島県、沖縄県","〒100-0011 東京都千代田区内幸町2-2-2","〒 100-0011 東京都千代田区内幸町1-3-1 幸ビルディング 地図を見る","","","","","生命保険・損害保険","","MT-S","情報更新日：2019/10/23 掲載終了予定日：2019/11/21","mynavi"
https://vp-web-crawl.s3-ap-northeast-1.amazonaws.com/mynavi/tenshoku.mynavi.jp/jobinfo-218506-1-6-1/index.html,"4010401082351","0","【キャリアサポート】★未経験歓迎★オフィス内でのお仕事♪ 正社員","株式会社メドレー","東京都","東京都港区六本木3-2-1 住友不動産六本木グランドタワー22F","〒 106-6222 東京都港区六本木3-2-1 住友不動産六本木グランドタワー22F ＜アクセス＞ 東京メトロ南北線「六本木一丁目駅」から直結 東京メトロ日比谷線、都営大江戸線「六本木駅」から徒歩5分 地図を見る","採用担当","","","","人材派遣・人材紹介","","MT-S","情報更新日：2019/10/25 掲載終了予定日：2019/12/19","mynavi"
https://vp-web-crawl.s3-ap-northeast-1.amazonaws.com/mynavi/tenshoku.mynavi.jp/jobinfo-169408-1-7-1/index.html,"2120001014588","0","育成枠採用・設立54年の安定企業で活躍【総合職(営業・製造)】 正社員","河本化成工業株式会社","大阪府","大阪府大阪市城東区鴫野東1-5-13","〒 536-0013 大阪府大阪市城東区鴫野東1-5-13 地図を見る","採用担当","06-6969-0812","","","精密機器","JR「京橋」駅より徒歩13分 JR 「鴫野」駅より徒歩4分 Osaka Metro 「鴫野」駅より徒歩4分 Osaka Metro 「蒲生四丁目」駅より徒歩10分","MT-S","情報更新日：2019/10/25 掲載終了予定日：2019/12/05","mynavi"
https://vp-web-crawl.s3-ap-northeast-1.amazonaws.com/mynavi/tenshoku.mynavi.jp/jobinfo-247235-1-10-1/index.html,"99","0","未経験歓迎！【スマホプランナー】★高卒以上 正社員","ソフトバンク合同募集","北海道、青森県、岩手県、宮城県、秋田県、山形県、福島県、茨城県、栃木県、群馬県、埼玉県、千葉県、東京都、神奈川県、富山県、石川県、福井県、新潟県、山梨県、長野県、岐阜県、静岡県、愛知県、三重県、滋賀県、京都府、大阪府、兵庫県、奈良県、和歌山県、鳥取県、島根県、岡山県、広島県、山口県、徳島県、香川県、愛媛県、高知県、福岡県、佐賀県、長崎県、熊本県、大分県、宮崎県、鹿児島県、沖縄県","―","","SBヒューマンキャピタル株式会社 ソフトバンクショップ採用事務局","","","","通信関連","","MT-S","情報更新日：2019/10/25 掲載終了予定日：2019/12/05","mynavi"
https://vp-web-crawl.s3-ap-northeast-1.amazonaws.com/mynavi/tenshoku.mynavi.jp/jobinfo-102027-1-11-1/index.html,"4290001008266","0","誰にでも平等にチャンスあり【反響営業】◇育成枠採用／未経験OK 正社員","西武ハウス株式会社","福岡県","福岡市中央区長浜3-16-6","〒 810-0072 福岡市中央区長浜3-16-6 地図を見る","採用担当","092-718-0075","","","不動産","","MT-S","情報更新日：2019/10/25 掲載終了予定日：2019/12/05","mynavi"
https://vp-web-crawl.s3-ap-northeast-1.amazonaws.com/mynavi/tenshoku.mynavi.jp/jobinfo-194605-1-10-1/index.html,"99","0","＼空港で働く／航空貨物の【倉庫スタッフ】30代中心に活躍中★ 正社員","株式会社サンエアカーゴサービス|《JALグループ》★資格取得支援で手に職つく＼職場見学も実施可能です／","千葉県","〒287-0222 千葉県成田市前林828-4","〒 287-0222 千葉県成田市前林828-4 地図を見る","採用担当","","","","海運・鉄道・空輸・陸運","","MT-S","情報更新日：2019/10/25 掲載終了予定日：2019/11/21","mynavi"
https://vp-web-crawl.s3-ap-northeast-1.amazonaws.com/mynavi/tenshoku.mynavi.jp/jobinfo-171675-1-2-1/index.html,"2010401024058","0","【ハウジングアドバイザー】年間休日124日／最大13連休／残業10h 契約社員","株式会社長谷工アーベスト","福島県、茨城県、栃木県、埼玉県、千葉県、東京都、神奈川県、岐阜県、愛知県、京都府、大阪府、兵庫県、和歌山県、福岡県、沖縄県","〒105-8545 東京都港区芝二丁目6番1号","〒 105-8545 東京都港区芝2丁目6番1号 地図を見る","ハウジングスタッフ室 採用担当","","","","不動産","※水曜・日曜 定休日 ※下記よりお問い合わせください。 【首都圏】 電話番号：0120-850-314 【関西支社・名古屋支店】 電話番号：0120-373-280 【九州・沖縄圏】 電話番号：092-724-1771","MT-S","情報更新日：2019/09/27 掲載終了予定日：2019/11/21","mynavi"
https://vp-web-crawl.s3-ap-northeast-1.amazonaws.com/mynavi/tenshoku.mynavi.jp/jobinfo-247337-1-2-1/index.html,"7011805001324","1","特別養護老人ホームの【介護スタッフ】★未経験歓迎★資格不要 正社員","社会福祉法人三幸福祉会","東京都","東京都葛飾区青戸8-18-13","〒 116-0003 東京都荒川区南千住6-67-8 特別養護老人ホーム癒しの里南千住：総務部 地図を見る","","","","","医療・福祉・介護サービス","","MT-S","情報更新日：2019/09/27 掲載終了予定日：2019/12/05","mynavi"
https://vp-web-crawl.s3-ap-northeast-1.amazonaws.com/mynavi/tenshoku.mynavi.jp/jobinfo-153362-1-66-1/index.html,"4011101023372","0","【事務】ママ社員活躍中★産育休実績多数/残業ほぼなし/全国募集 契約社員","損害保険ジャパン日本興亜株式会社","北海道、宮城県、福島県、茨城県、栃木県、群馬県、千葉県、東京都、岐阜県、静岡県、愛知県、三重県、京都府、大阪府、兵庫県、岡山県、広島県、徳島県、香川県、長崎県、大分県","東京都新宿区西新宿1-26-1","〒 160-8338 東京都新宿区西新宿1-26-1 地図を見る","採用事務局","","","","生命保険・損害保険","","MT-S","情報更新日：2019/10/23 掲載終了予定日：2019/11/07","mynavi"
https://vp-web-crawl.s3-ap-northeast-1.amazonaws.com/mynavi/tenshoku.mynavi.jp/jobinfo-124125-1-19-1/index.html,"7120001128193","0","上場企業で活躍！人材サービスの【総合職(営業など)】★若手募集 正社員","クックビズ株式会社","北海道、東京都、神奈川県、大阪府、福岡県","大阪府大阪市北区芝田2-7-18　LUCID SQUARE UMEDA8階","〒 530-0012 大阪府大阪市北区芝田2-7-18　LUCID SQUARE UMEDA8階 地図を見る","採用担当","06-6374-9913","","","人材派遣・人材紹介","※地図は新橋オフィスです","MT-S","情報更新日：2019/10/25 掲載終了予定日：2019/12/19","mynavi"
https://vp-web-crawl.s3-ap-northeast-1.amazonaws.com/mynavi/tenshoku.mynavi.jp/jobinfo-223003-1-7-1/index.html,"7070001001538","1","『JINS』の【店舗スタッフ】★面接1回のスピード採用★未経験OK パート・アルバイト","株式会社ジンズ","北海道、青森県、岩手県、宮城県、秋田県、山形県、福島県、茨城県、栃木県、群馬県、埼玉県、千葉県、東京都、神奈川県、富山県、石川県、福井県、新潟県、山梨県、長野県、岐阜県、静岡県、愛知県、三重県、滋賀県、京都府、大阪府、兵庫県、奈良県、和歌山県、鳥取県、島根県、岡山県、広島県、山口県、徳島県、香川県、愛媛県、高知県、福岡県、長崎県、熊本県、大分県、宮崎県、鹿児島県、沖縄県","東京都千代田区富士見二丁目10番2号　飯田橋グラン・ブルーム30階","〒 102-0071 東京都千代田区富士見二丁目10番2号　飯田橋グラン・ブルーム30階 地図を見る","採用担当","0120-101-714","","","専門店（メガネ・貴金属）","電話受付時間(平日9～20時、土日祝9～18時)","MT-S","情報更新日：2019/09/27 掲載終了予定日：2019/11/21","mynavi"
https://vp-web-crawl.s3-ap-northeast-1.amazonaws.com/mynavi/tenshoku.mynavi.jp/jobinfo-196873-1-1-1/index.html,"2390001009132","1","【ルート営業】☆若手育成採用☆年間休日120日以上☆土日祝休み 正社員","松岡商事株式会社","兵庫県","兵庫県姫路市市川橋通2丁目41番地","〒 670-0825 兵庫県姫路市市川橋通2丁目41番地 地図を見る","採用担当","","","","専門商社","＜アクセス＞ JR「東姫路」駅から徒歩9分","MT-S","情報更新日：2019/10/25 掲載終了予定日：2019/12/05","mynavi"
https://vp-web-crawl.s3-ap-northeast-1.amazonaws.com/mynavi/tenshoku.mynavi.jp/jobinfo-104532-1-19-1/index.html,"5290001046752","1","福利厚生充実で安定・安心【ルート営業】▼飛び込み・ノルマなし 正社員","株式会社ウィンノット","岡山県、広島県、福岡県、熊本県、沖縄県","福岡市博多区中洲中島町2-3　フジランドビル　13F","〒 812-0023 福岡市博多区中洲中島町2-3　フジランドビル　13F 地図を見る","採用担当","","","","広告","","MT-S","情報更新日：2019/10/25 掲載終了予定日：2019/12/05","mynavi"
https://vp-web-crawl.s3-ap-northeast-1.amazonaws.com/mynavi/tenshoku.mynavi.jp/jobinfo-237182-1-2-1/index.html,"8010001022175","0","再開発で街の未来をつくる【企画提案プランナー】★未経験OK！ 正社員","株式会社タウンプランニングパートナー","東京都","東京都千代田区神田神保町1-7　日本文芸社ビル8階","〒 101-0051 東京都千代田区神田神保町1-7　日本文芸社ビル　8階 地図を見る","採用担当","","","","建設コンサルタント","","MT-S","情報更新日：2019/09/27 掲載終了予定日：2019/11/21","mynavi"
https://vp-web-crawl.s3-ap-northeast-1.amazonaws.com/mynavi/tenshoku.mynavi.jp/jobinfo-138131-1-51-1/index.html,"7013201004027","0","【東急トランセの運転士(サービス・プロバイダー)】※未経験者OK 正社員","株式会社東急トランセ","東京都","東京都目黒区東山3-8-1","〒 153-0043 東京都目黒区東山3-8-1 東急池尻大橋ビル 地図を見る","採用担当","","","","海運・鉄道・空輸・陸運","","MT-S","情報更新日：2019/10/25 掲載終了予定日：2019/11/28","mynavi"
https://vp-web-crawl.s3-ap-northeast-1.amazonaws.com/mynavi/tenshoku.mynavi.jp/jobinfo-149388-1-70-1/index.html,"99","0","【パーソナルトレーナー】完全週休2日制/未経験OK/充実の手当 正社員","株式会社トゥエンティーフォーセブン|＜24/7Workout＞◆全国60店舗以上に急成長！20～30代メンバー活躍中","宮城県、群馬県、埼玉県、千葉県、東京都、神奈川県、石川県、新潟県、静岡県、愛知県、福岡県","東京都港区愛宕2-5-1 愛宕グリーンヒルズMORIタワー 36F ＜交通＞ 都営地下鉄三田線「御成門駅」A5出口より徒歩3分 東京メトロ日比谷線「神谷町駅」3出口より徒歩4分","〒 105-6290 東京都港区愛宕2-5-1　愛宕グリーンヒルズMORIタワー36F 地図を見る","採用担当","","","","フィットネスクラブ","＜東京本社アクセス＞ 都営地下鉄三田線「御成門駅」A5出口より徒歩3分 東京メトロ日比谷線「神谷町駅」3出口より徒歩4分","MT-S","情報更新日：2019/10/24 掲載終了予定日：2019/11/21","mynavi"
https://vp-web-crawl.s3-ap-northeast-1.amazonaws.com/mynavi/tenshoku.mynavi.jp/jobinfo-259721-1-1-1/index.html,"5020001014752","1","【キッズタクシードライバー】★未経験OK/有給消化率98％ 正社員","株式会社三和交通統轄本部","埼玉県、東京都、神奈川県","神奈川県横浜市西区桜木町5丁目24番5号　サンワビル3F","〒 222-0035 【三和交通株式会社 本社】 神奈川県横浜市西区桜木町5丁目24番5号　サンワビル3F 地図を見る","採用担当","03-6635-6472","","","海運・鉄道・空輸・陸運","","MT-S","情報更新日：2019/10/25 掲載終了予定日：2019/12/05","mynavi"
https://vp-web-crawl.s3-ap-northeast-1.amazonaws.com/mynavi/tenshoku.mynavi.jp/jobinfo-124405-1-42-1/index.html,"4011301007943","0","未経験歓迎！個人カードの【カスタマーサービス】★残業少なめ 正社員","アメリカン・エキスプレス・ジャパン株式会社","東京都、大阪府","東京都杉並区荻窪4-30-16","〒 167-8001 東京都杉並区荻窪4-30-16 地図を見る","人事採用担当チーム","","","","クレジット・信販","お問い合わせだけでも是非お気軽にご連絡下さい！お待ちしております。","MT-S","情報更新日：2019/10/25 掲載終了予定日：2019/11/21","mynavi"
https://vp-web-crawl.s3-ap-northeast-1.amazonaws.com/mynavi/tenshoku.mynavi.jp/jobinfo-259753-1-4-1/index.html,"5430001005181","2","【フロントマネージャー】※将来の支配人候補 正社員","株式会社クラシック","大阪府","大阪府大東市龍間266-8","〒 574-0012 大阪府大東市龍間266-8 地図を見る","採用担当","","","","不動産","","MT-S","情報更新日：2019/10/21 掲載終了予定日：2019/12/05","mynavi"
https://vp-web-crawl.s3-ap-northeast-1.amazonaws.com/mynavi/tenshoku.mynavi.jp/jobinfo-250477-1-4-1/index.html,"5040001028800","1","シンプルな業務がメイン！【倉庫作業スタッフ】※未経験歓迎 正社員","ジェイロジスティクス株式会社","青森県、秋田県、山形県、埼玉県、千葉県、神奈川県、広島県、沖縄県","千葉県市川市高谷新町６－１","","福山通運応募受付センター","0120-901-640","","","海運・鉄道・空輸・陸運","全日10：00～19：00 応募受付は「福山通運応募受付センター」が一括して行います。","MT-S","情報更新日：2019/10/25 掲載終了予定日：2019/11/21","mynavi"
https://vp-web-crawl.s3-ap-northeast-1.amazonaws.com/mynavi/tenshoku.mynavi.jp/jobinfo-160083-1-23-1/index.html,"2011001032616","0","安定企業で活躍する【事務サポート】のキャリア♪　※未経験採用 正社員","キューアンドエーワークス株式会社","東京都、大阪府","東京都渋谷区渋谷2-15-1　渋谷クロスタワー23F","〒 150-0002 東京都渋谷区渋谷2-15-1　渋谷クロスタワー23F 地図を見る","採用担当","","","","人材派遣・人材紹介","","MT-S","情報更新日：2019/10/25 掲載終了予定日：2019/11/21","mynavi"
https://vp-web-crawl.s3-ap-northeast-1.amazonaws.com/mynavi/tenshoku.mynavi.jp/jobinfo-181341-1-8-1/index.html,"5030005001408","0","【ルート宅配（地域限定）】★土日休み★異業種出身9割 正社員","生活協同組合コープみらい","埼玉県、千葉県、東京都","〒336-8523　埼玉県さいたま市南区根岸1丁目5番5号 (事業所) 宅配センター/77ヶ所、店舗数/134ヶ所（SM店舗/68ヶ所、ミニ店舗/66ヶ所）、介護事業所/33ヶ所","〒 336-8523 埼玉県さいたま市南区根岸1丁目5番5号 地図を見る","採用担当／コープみらい　人事部採用課","048-839-1595（直通）","","","生活協同組合","営業のお電話は固くお断りします。ご遠慮ください。","MT-S","情報更新日：2019/10/18 掲載終了予定日：2019/11/21","mynavi"
https://vp-web-crawl.s3-ap-northeast-1.amazonaws.com/mynavi/tenshoku.mynavi.jp/jobinfo-146742-1-8-3/index.html,"7030001086624","1","メルセデス・ベンツの【商品説明・接客対応スタッフ】※経験不問 契約社員","株式会社ヤナセ","栃木県、群馬県、埼玉県、千葉県、東京都、神奈川県、愛知県、大阪府、兵庫県、奈良県、山口県、香川県、福岡県","東京都港区芝浦1-6-38","〒 105-8575 東京都港区芝浦一丁目 6-38 地図を見る","株式会社ヤナセ　人事部　採用課","03-5440-5447（直通）","","","専門店（自動車関連）","","MT-S","情報更新日：2019/09/27 掲載終了予定日：2019/11/07","mynavi"
https://vp-web-crawl.s3-ap-northeast-1.amazonaws.com/mynavi/tenshoku.mynavi.jp/jobinfo-143434-1-34-2/index.html,"6011101055050","0","【土木・造園技術者（高速道路の保全・管理）】★年間休日137日 正社員","中日本ハイウェイ・エンジニアリング東京株式会社","東京都、神奈川県、山梨県、長野県、静岡県","〒160－0023　 東京都新宿区西新宿1丁目23-7 新宿ファーストウエスト 9F","〒 160-0023 東京都新宿区西新宿1丁目23-7 新宿ファーストウエスト 9F 地図を見る","経営企画部 人財企画課 吉永","03-5339-1712（直通）","","","建設コンサルタント","","MT-S","情報更新日：2019/10/25 掲載終了予定日：2019/11/21","mynavi"
https://vp-web-crawl.s3-ap-northeast-1.amazonaws.com/mynavi/tenshoku.mynavi.jp/jobinfo-189347-1-4-1/index.html,"2050001018373","1","多彩な経験が活かせる【商品・工程管理】未経験歓迎／年休120日 正社員","株式会社小林製作所","大阪府","大阪市阿倍野区阪南町2-25-11","〒 545-0021 大阪府大阪市阿倍野区阪南町2-25-11 地図を見る","採用担当","06-6623-0951（代表）","","","インテリア・住宅関連","","MT-S","情報更新日：2019/10/25 掲載終了予定日：2019/12/19","mynavi"
https://vp-web-crawl.s3-ap-northeast-1.amazonaws.com/mynavi/tenshoku.mynavi.jp/jobinfo-141923-1-21-1/index.html,"6430001031581","1","【総合職（イベントスタッフ／PRスタッフ／法人向け業務）】 正社員","株式会社山王","福岡県","福岡市中央区平和3-14-15","福岡市早良区原4-26-5 アプライド1F（あお葉ゼミナール原校内） 地図を見る","","092-834-7333","","","建設・土木","","MT-S","情報更新日：2019/09/27 掲載終了予定日：2019/11/07","mynavi"
https://vp-web-crawl.s3-ap-northeast-1.amazonaws.com/mynavi/tenshoku.mynavi.jp/jobinfo-242001-1-7-1/index.html,"4070001011201","1","【ファイナンシャルプランナー（家計相談のプランニング業務）】 契約社員","株式会社ヤマダ電機","埼玉県、千葉県、東京都、神奈川県、京都府、大阪府、兵庫県、福岡県","群馬県高崎市栄町1番1号","〒 103-0028 東京都中央区八重洲1-5-22 『Concept LABI TOKYO』12階 地図を見る","ヤマダライフ保険 採用担当","","","","専門店（総合）","","MT-S","情報更新日：2019/10/25 掲載終了予定日：2019/12/05","mynavi"
https://vp-web-crawl.s3-ap-northeast-1.amazonaws.com/mynavi/tenshoku.mynavi.jp/jobinfo-182604-1-5-1/index.html,"1021001008236","0","★未経験のママ社員も活躍中！【学童クラブ・児童館指導員】 正社員","株式会社マミー・インターナショナル","東京都","〒231-0062　 神奈川県横浜市中区桜木町1-1　グランビュービル 5F","〒 231-0062 神奈川県横浜市中区桜木町1-1 グランビュービル5F 地図を見る","採用担当","045-680-5577","","","教育","","MT-S","情報更新日：2019/10/25 掲載終了予定日：2019/11/21","mynavi"
https://vp-web-crawl.s3-ap-northeast-1.amazonaws.com/mynavi/tenshoku.mynavi.jp/jobinfo-163308-1-9-1/index.html,"2430001004137","1","業務スーパーの【販売スタッフ／店長候補】※賞与3回・未経験OK 正社員","株式会社カワサキ","茨城県","茨城県水戸市千波町864-1","〒 310-0851 茨城県水戸市千波町864-1 地図を見る","採用担当","029-291-6555","","","流通・チェーンストア","","MT-S","情報更新日：2019/10/11 掲載終了予定日：2019/11/07","mynavi"
https://vp-web-crawl.s3-ap-northeast-1.amazonaws.com/mynavi/tenshoku.mynavi.jp/jobinfo-252354-1-7-1/index.html,"99","0","世界的企業でフリーランスのような働き方を実現【ITエンジニア】 正社員","アデコ株式会社|【ModisProfessional事業本部】≪中途入社の8割が年収UP／残業月平均10.8h≫","埼玉県、千葉県、東京都、神奈川県、滋賀県、京都府、大阪府、兵庫県","東京都千代田区霞が関3-7-1　霞が関東急ビル","〒 100-0013 東京都千代田区霞が関3-7-1　霞が関東急ビル 地図を見る","採用担当","","","","人材派遣・人材紹介","","MT-S","情報更新日：2019/10/25 掲載終了予定日：2019/11/21","mynavi"
https://vp-web-crawl.s3-ap-northeast-1.amazonaws.com/mynavi/tenshoku.mynavi.jp/jobinfo-138880-1-18-1/index.html,"99","0","【ハイヤー(役員)ドライバー】◆運転は1日4時間程◆土日休みも可 正社員","国際ハイヤー株式会社|【100周年を迎えるkmグループ／平均月収41万円・平均年収500万円/連休取得も可】","東京都","東京都港区赤坂2-8-6 km赤坂ビル","〒 107-0052 東京都港区赤坂2-12-8 km赤坂ビルANNEX 1F 地図を見る","kmグループ赤坂ホスピタリティカレッジ","0120-03-5931","","","海運・鉄道・空輸・陸運","TEL受付窓口　0120-03-5931（平日8：00～18：00）","MT-S","情報更新日：2019/10/25 掲載終了予定日：2019/11/21","mynavi"
https://vp-web-crawl.s3-ap-northeast-1.amazonaws.com/mynavi/tenshoku.mynavi.jp/jobinfo-160083-1-22-1/index.html,"2011001032616","0","大手企業で活躍のチャンスもあり！【事務スタッフ】※経験者採用 正社員","キューアンドエーワークス株式会社","東京都、大阪府","東京都渋谷区渋谷2-15-1　渋谷クロスタワー23F","〒 150-0002 東京都渋谷区渋谷2-15-1　渋谷クロスタワー23F 地図を見る","採用担当","","","","人材派遣・人材紹介","","MT-S","情報更新日：2019/10/11 掲載終了予定日：2019/11/07","mynavi"
https://vp-web-crawl.s3-ap-northeast-1.amazonaws.com/mynavi/tenshoku.mynavi.jp/jobinfo-232447-1-5-1/index.html,"7010501038523","1","《若手の育成枠採用》【総合職】★未経験OK★10・11月入社歓迎 正社員","ベストコミュニケーションズ株式会社","東京都、愛知県、大阪府、福岡県","東京都千代田区神田和泉町1-8-11 サン・センタービル7階","〒 170-0013 東京都豊島区東池袋1-32-7 大樹生命池袋ビル6F 地図を見る","採用担当","","","","通信関連","","MT-S","情報更新日：2019/10/11 掲載終了予定日：2019/11/21","mynavi"
https://vp-web-crawl.s3-ap-northeast-1.amazonaws.com/mynavi/tenshoku.mynavi.jp/jobinfo-233049-1-5-1/index.html,"2140001011708","1","月給40～50万円スタート！【総合職（営業・用地仕入れ・技術）】 正社員","株式会社和田コーポレーション","岡山県、徳島県、香川県、愛媛県、高知県","丸亀市大手町1丁目3番11号 和田大手町ビル","〒 763-0034 香川県丸亀市大手町1丁目3番11号 和田大手町ビル 地図を見る","","0877-23-1000","","","不動産","","MT-S","情報更新日：2019/10/25 掲載終了予定日：2019/12/19","mynavi"
https://vp-web-crawl.s3-ap-northeast-1.amazonaws.com/mynavi/tenshoku.mynavi.jp/jobinfo-180869-1-65-1/index.html,"4011001024314","0","★埼玉限定採用★大型商業施設の【警備・案内】※応募者全員面接 正社員","株式会社ライジングサンセキュリティーサービス","埼玉県","東京都渋谷区渋谷2-15-1","〒 150-0002 東京都渋谷区渋谷2-15-1 地図を見る","採用担当","","","","セキュリティ","【埼玉支社】　 埼玉県さいたま市大宮区桜木町2-389-5F","MT-S","情報更新日：2019/10/11 掲載終了予定日：2019/11/07","mynavi"
https://vp-web-crawl.s3-ap-northeast-1.amazonaws.com/mynavi/tenshoku.mynavi.jp/jobinfo-260708-1-1-1/index.html,"6020001086840","0","最高年収2,400万円（実績）【用地仕入れ営業】 正社員","株式会社ルーク・リアルエステート","神奈川県","神奈川県横浜市中区尾上町3丁目39　尾上町ビル7F 〈アクセス〉 JR根岸線・横浜市営地下鉄ブルーライン「関内駅」より徒歩3分","〒 231-0015 神奈川県横浜市中区尾上町3丁目39　尾上町ビル7F 地図を見る","採用担当","","","","不動産","","MT-S","情報更新日：2019/10/25 掲載終了予定日：2019/11/21","mynavi"
https://vp-web-crawl.s3-ap-northeast-1.amazonaws.com/mynavi/tenshoku.mynavi.jp/jobinfo-109499-1-83-1/index.html,"8010401015282","1","【注文住宅の提案営業】未経験歓迎/完全週休2日/転勤無/全国募集 正社員","住友不動産株式会社","北海道、宮城県、茨城県、栃木県、群馬県、埼玉県、千葉県、東京都、神奈川県、新潟県、岐阜県、愛知県、三重県、滋賀県、京都府、大阪府、兵庫県、奈良県、岡山県、福岡県、熊本県","東京都新宿区西新宿二丁目4番1号　新宿NSビル","〒 163-0819 東京都新宿区西新宿2-4-1　新宿NSビル19階 地図を見る","人事部採用課 採用担当","0120-314-151（直通）","","","不動産","各線新宿駅より徒歩約7分","MT-S","情報更新日：2019/10/25 掲載終了予定日：2019/11/21","mynavi"
https://vp-web-crawl.s3-ap-northeast-1.amazonaws.com/mynavi/tenshoku.mynavi.jp/jobinfo-189286-1-1-1/index.html,"4380001005881","1","安定の食品業界【法人営業】★食べることが好きな方、大歓迎！ 正社員","株式会社トーカン","愛知県","〒456-0072 名古屋市熱田区川並町4番8号","〒 456-0072 名古屋市熱田区川並町4番8号 地図を見る","人事教育部 人事労務課　平野","0120-151-314","","","食品","お問合わせ等は、上記電話番号または052-671-4143にお願い致します。","MT-S","情報更新日：2019/10/25 掲載終了予定日：2019/12/05","mynavi"
https://vp-web-crawl.s3-ap-northeast-1.amazonaws.com/mynavi/tenshoku.mynavi.jp/jobinfo-178356-1-4-1/index.html,"6010001034791","1","未経験から空港で働こう！【空港保安スタッフ】＊休日・手当充実 正社員","株式会社全日警","愛知県","東京都中央区日本橋浜町1-1-12","〒 479-0881 愛知県常滑市セントレア1丁目１ 地図を見る","吉井、伊藤","0569-36-2117","","","セキュリティ","■バイト、パートも同時募集■ 詳細は別途お問い合わせください。","MT-S","情報更新日：2019/10/25 掲載終了予定日：2019/12/05","mynavi"
https://vp-web-crawl.s3-ap-northeast-1.amazonaws.com/mynavi/tenshoku.mynavi.jp/jobinfo-250473-1-8-1/index.html,"4011101020774","0","業界トップクラスサービスの【コンサルティング営業】◆積極採用 正社員","株式会社ミロク情報サービス","北海道、岩手県、宮城県、群馬県、埼玉県、千葉県、東京都、神奈川県、石川県、新潟県、長野県、静岡県、愛知県、京都府、大阪府、兵庫県、岡山県、広島県、香川県、愛媛県、福岡県、長崎県、熊本県、大分県、鹿児島県、沖縄県","東京都新宿区四谷4-29-1","〒 160-0004 東京都新宿区四谷4-29-1 地図を見る","採用担当","0120-345-888（代表）","","","ソフトウェア・情報処理","","MT-S","情報更新日：2019/10/11 掲載終了予定日：2019/11/07","mynavi"
https://vp-web-crawl.s3-ap-northeast-1.amazonaws.com/mynavi/tenshoku.mynavi.jp/jobinfo-208128-1-14-1/index.html,"99","0","【サービススタッフ】年休120日＊有給取得100％＊東海エリア募集 契約社員","株式会社NTTフィールドテクノ","岐阜県、静岡県、愛知県、三重県","大阪府大阪市都島区東野田町4-15-82　NTT西日本新京橋ビル","〒 460-8319 愛知県名古屋市中区大須4-9-60 NTT上前津ビル 地図を見る","採用人事担当　","052-291-3811","","","通信関連","※ご応募についての秘密は厳守いたします。 ※ご応募いただく個人情報は、採用業務にのみ利用し、他の目的での利用や第三者への譲渡・開示することはありません。","MT-S","情報更新日：2019/10/17 掲載終了予定日：2019/11/07","mynavi"
https://vp-web-crawl.s3-ap-northeast-1.amazonaws.com/mynavi/tenshoku.mynavi.jp/jobinfo-117179-1-15-4/index.html,"7013301000925","0","【フロントスタッフ(JR東日本ホテルメッツ勤務)】★全国採用★ 正社員","日本ホテル株式会社","茨城県、栃木県、埼玉県、千葉県、東京都、神奈川県","東京都豊島区西池袋1-6-1 ※現在、本社業務は「豊島区西池袋1-11-1 メトロポリタンプラザ13階」で行っています。","〒 171-0021 東京都豊島区西池袋1-11-1 メトロポリタンプラザビル13F 地図を見る","ホテルメッツ本部　採用担当","","","","ホテル・旅館","本社アクセス／ 各線「池袋」駅より、徒歩3分 ※JR池袋駅　メトロポリタン口　が便利です。","MT-S","情報更新日：2019/10/25 掲載終了予定日：2019/11/21","mynavi"
https://vp-web-crawl.s3-ap-northeast-1.amazonaws.com/mynavi/tenshoku.mynavi.jp/jobinfo-173281-1-93-1/index.html,"3011001092832","0","【受付カウンセラー】★履歴書不要★面接1回★賞与年4回★ 正社員","株式会社ミュゼプラチナム","北海道、青森県、岩手県、宮城県、秋田県、山形県、福島県、茨城県、栃木県、群馬県、埼玉県、千葉県、東京都、神奈川県、富山県、石川県、福井県、新潟県、山梨県、長野県、岐阜県、静岡県、愛知県、三重県、滋賀県、京都府、大阪府、兵庫県、奈良県、和歌山県、鳥取県、島根県、岡山県、広島県、山口県、徳島県、香川県、愛媛県、高知県、福岡県、佐賀県、長崎県、熊本県、大分県、宮崎県、鹿児島県、沖縄県","東京都渋谷区広尾1-1-39　恵比寿プライムスクエア","〒 150-0012 東京都渋谷区広尾1-1-39　恵比寿プライムスクエア　19F 【本社アクセス】 JR 「恵比寿駅」 西口より徒歩5分 東京メトロ日比谷線 「恵比寿駅」 より徒歩6分 地図を見る","ミュゼプラチナム 人事部 採用課","0120-767-303","","","エステティック・美容・理容","一部店舗では応募状況により募集を終了する可能性がありますので、予めご了承ください。 【受付時間】 受付時間 10:00～18:00(土日祝日、年末年始を除く) ★面接日時・ご入社日に関してはお気軽にご相談ください。 お問い合わせの際は「マイナビを見た」とお伝えいただけるとスムーズです。","MT-S","情報更新日：2019/09/27 掲載終了予定日：2019/11/07","mynavi"
https://vp-web-crawl.s3-ap-northeast-1.amazonaws.com/mynavi/tenshoku.mynavi.jp/jobinfo-112551-1-16-1/index.html,"3010001135989","0","【IT事務】PCができなくてもOK★残業なし★月収30万円以上も可能 正社員","株式会社エージェントゲート","埼玉県、千葉県、東京都、神奈川県","東京都千代田区神田神保町2-40-5 東久ビル6F","〒 101-0051 東京都千代田区神田神保町2-40-5 東久ビル6F 地図を見る","採用担当","03-4500-9361（代表）","","","ソフトウェア・情報処理","","MT-S","情報更新日：2019/10/25 掲載終了予定日：2019/12/05","mynavi"
https://vp-web-crawl.s3-ap-northeast-1.amazonaws.com/mynavi/tenshoku.mynavi.jp/jobinfo-250978-1-6-1/index.html,"3012401012446","0","【タクシードライバー】未経験者は3ヶ月間、月給32万円保障も!! 正社員","寿交通株式会社","東京都","東京都三鷹市野崎2-11-12","〒 181-0014 東京都三鷹市野崎2-11-12 【アクセス】 JR・東京メトロ東西線『三鷹駅』南口よりバス10分、バス停『野崎2丁目』より徒歩1分 JR『武蔵境駅』南口よりバス10分、バス停『京王ストアー前』下車5分 地図を見る","採用担当","","","","海運・鉄道・空輸・陸運","","MT-S","情報更新日：2019/10/25 掲載終了予定日：2019/11/21","mynavi"
https://vp-web-crawl.s3-ap-northeast-1.amazonaws.com/mynavi/tenshoku.mynavi.jp/jobinfo-146742-1-8-1/index.html,"7030001086624","1","輸入車の【営業職】☆20代活躍中 ☆未経験歓迎！☆ノルマなし 正社員","株式会社ヤナセ","青森県、岩手県、宮城県、福島県、栃木県、群馬県、埼玉県、千葉県、東京都、神奈川県、山梨県、長野県、静岡県、愛知県、三重県、滋賀県、京都府、大阪府、兵庫県、奈良県、鳥取県、山口県、徳島県、香川県、高知県、福岡県、熊本県","東京都港区芝浦1-6-38","〒 105-8575 東京都港区芝浦一丁目 6-38 地図を見る","株式会社ヤナセ　人事部　採用課","03-5440-5447（直通）","","","専門店（自動車関連）","","MT-S","情報更新日：2019/10/08 掲載終了予定日：2019/11/07","mynavi"
https://vp-web-crawl.s3-ap-northeast-1.amazonaws.com/mynavi/tenshoku.mynavi.jp/jobinfo-147722-1-58-1/index.html,"99","0","【求人広告ライター】チーム全員が未経験START！20~30代活躍中◆ 正社員","株式会社ネオキャリア|【APマーケティング事業部】◆年間休日124日（土日休み）◆手当充実◆平均年齢26歳","東京都","東京都新宿区西新宿1-22-2 新宿サンエービル 2階","","","","","","広告","","MT-S","情報更新日：2019/10/11 掲載終了予定日：2019/12/05","mynavi"
https://vp-web-crawl.s3-ap-northeast-1.amazonaws.com/mynavi/tenshoku.mynavi.jp/jobinfo-547-1-39-1/index.html,"99","0","東北限定！求人広告／採用イベント等の【企画営業】★未経験歓迎 正社員","株式会社ピーアール・デイリー|【創業58年目の求人広告代理店★東北支社のスターティングメンバー募集！】","宮城県","東京都台東区東上野4-8-1　TIXTOWER UENO 15階","〒 980-0021 宮城県仙台市青葉区中央2-9-27　プライムスクエア広瀬通14 地図を見る","採用担当","","","","広告","","MT-S","情報更新日：2019/10/25 掲載終了予定日：2019/11/21","mynavi"
https://vp-web-crawl.s3-ap-northeast-1.amazonaws.com/mynavi/tenshoku.mynavi.jp/jobinfo-99633-1-7-1/index.html,"4010001188219","0","【人事労務スタッフ】＊未経験ＯＫ＊女性社員活躍中 正社員","大江戸温泉物語ホテルズ＆リゾーツ株式会社","東京都","東京都中央区日本橋本庁1-9-4 ヒューリック日本橋本町一丁目ビル9階","〒 103-0023 東京都中央区日本橋本町一丁目９番４号 ヒューリック日本橋本町一丁目ビル９階 地図を見る","","","","","ホテル・旅館","","MT-S","情報更新日：2019/10/25 掲載終了予定日：2019/12/05","mynavi"
https://vp-web-crawl.s3-ap-northeast-1.amazonaws.com/mynavi/tenshoku.mynavi.jp/jobinfo-239035-1-2-1/index.html,"99","0","スケールの大きな製造を支える【技術職】★未経験歓迎・転勤なし 正社員","JFEスチール株式会社","岡山県、広島県","東京都千代田区内幸町二丁目2番3号","※地図は倉敷地区のものを表示しています。 地図を見る","","","","","鉱業・金属製品・鉄鋼","※応募に関してのご質問等は、下記までご連絡ください。 【倉敷】 〒712-8511　岡山県倉敷市水島川崎通１／086-447-2291 労働人事部倉敷労働人事室採用チームＭＴ係 【福山】 〒721-8510　広島県福山市鋼管町１／084-945-3136 労働人事部福山労働人事室採用チームＭＴ係","MT-S","情報更新日：2019/10/25 掲載終了予定日：2019/11/21","mynavi"
https://vp-web-crawl.s3-ap-northeast-1.amazonaws.com/mynavi/tenshoku.mynavi.jp/jobinfo-200043-1-10-1/index.html,"99","0","【建築技術スタッフ】有資格者限定☆完全週休2日☆年休125日以上 正社員","エアポートメンテナンスサービス株式会社|【NAAグループ】☆資格保持者歓迎☆若手活躍中☆残業少なめ","千葉県","千葉県成田市三里塚字御料牧場1番2 臨空開発第1センタービル6階","〒 282-0011 千葉県成田市三里塚字御料牧場1番2 臨空開発第1センタービル6階 地図を見る","採用担当","","","","建設・土木","「芝山千代田駅」より地下道でお越しください。","MT-S","情報更新日：2019/10/25 掲載終了予定日：2019/12/05","mynavi"
https://vp-web-crawl.s3-ap-northeast-1.amazonaws.com/mynavi/tenshoku.mynavi.jp/jobinfo-225298-1-10-1/index.html,"6010401027577","1","未経験スタート歓迎【Honda車の製造】★各種手当・待遇など充実 契約社員","本田技研工業株式会社","三重県","東京都港区南青山2-1-1","〒 513-8666 三重県鈴鹿市平田町1907番地 本田技研工業株式会社　鈴鹿製作所 地図を見る","","0120-385-747","","","輸送用機器（自動車含む）","※受付は土日含む毎日10：00～19：00","MT-S","情報更新日：2019/10/25 掲載終了予定日：2019/11/21","mynavi"
https://vp-web-crawl.s3-ap-northeast-1.amazonaws.com/mynavi/tenshoku.mynavi.jp/jobinfo-141923-1-20-1/index.html,"6430001031581","1","ストレスフリーな毎日を【個人向け営業】＼年収2000万円も可能／ 正社員","株式会社山王","福岡県","福岡市中央区平和3-14-15","福岡市早良区原4-26-5 アプライド1F（あお葉ゼミナール原校内） 地図を見る","","092-834-7333","","","建設・土木","","MT-S","情報更新日：2019/09/27 掲載終了予定日：2019/11/07","mynavi"
https://vp-web-crawl.s3-ap-northeast-1.amazonaws.com/mynavi/tenshoku.mynavi.jp/jobinfo-127643-1-51-1/index.html,"1500001007133","1","【営業】★平均月収80万円★　※未経験者歓迎※ 正社員","株式会社ガリレオコーポレーション","福岡県、熊本県、鹿児島県","福岡市博多区上牟田1-7-6","〒 812-0006 福岡県福岡市博多区上牟田1-7-6 地図を見る","採用担当","0120-25-8839","","","建設・土木","","MT-S","情報更新日：2019/09/27 掲載終了予定日：2019/11/07","mynavi"
https://vp-web-crawl.s3-ap-northeast-1.amazonaws.com/mynavi/tenshoku.mynavi.jp/jobinfo-170145-1-9-1/index.html,"2120001085092","0","SoftBankグループの【店舗運営】選べる★週休2日 or 3日！ 正社員","テレニシ株式会社","宮城県、秋田県、千葉県、東京都、神奈川県、富山県、石川県、福井県、京都府、大阪府、兵庫県、和歌山県、愛媛県、福岡県、沖縄県","〒540-6014 大阪市中央区城見1-2-27 クリスタルタワー14F","〒 540-6014 大阪府大阪市中央区城見1丁目2番27号クリスタルタワー14階 地図を見る","採用担当","06-7711-7808","","","通信関連","","MT-S","情報更新日：2019/10/25 掲載終了予定日：2019/12/05","mynavi"
https://vp-web-crawl.s3-ap-northeast-1.amazonaws.com/mynavi/tenshoku.mynavi.jp/jobinfo-94446-1-27-1/index.html,"9010001046504","0","【新幹線パーサー】賞与年2回│社員寮完備│産育休有│転勤なし 正社員","株式会社ジェイアール東海パッセンジャーズ","東京都、大阪府","〒103-0027 東京都中央区日本橋3-1-17 日本橋ヒロセビル","〒 103-0027 東京都中央区日本橋3-1-17　日本橋ヒロセビル 地図を見る","総務部人事課採用担当","03-3231-0253","","","海運・鉄道・空輸・陸運","【交通アクセス】 東京メトロ銀座線・東西線「日本橋」駅より徒歩5分 JR「東京」駅より徒歩5分 ※今回の採用の一部業務を「株式会社マイナビ」へ委託しております。 尚「マイナビ 株式会社ジェイアール東海パッセンジャーズ採用事務局」 担当者より電話にてご連絡をさせていただくこともございますので、 その際はご対応いただきますようお願いいたします。","MT-S","情報更新日：2019/10/11 掲載終了予定日：2019/11/07","mynavi"
https://vp-web-crawl.s3-ap-northeast-1.amazonaws.com/mynavi/tenshoku.mynavi.jp/jobinfo-94484-1-6-1/index.html,"5260001002857","0","【 総合職(店舗スタッフ/ビューティー/バイヤー) 】★未経験OK！ 正社員","株式会社ザグザグ","兵庫県、岡山県、広島県、香川県","岡山市中区清水369-2","〒 703-8243 岡山市中区清水369-2 地図を見る","採用担当","090-3212-5947（直通）","","","ドラッグストア・調剤薬局","※電話番号は採用担当直通電話です（受付時間　平日10：00～18：00）","MT-S","情報更新日：2019/10/25 掲載終了予定日：2019/12/05","mynavi"
https://vp-web-crawl.s3-ap-northeast-1.amazonaws.com/mynavi/tenshoku.mynavi.jp/jobinfo-240092-1-6-1/index.html,"8290001020894","0","新たなキャリアは、もうそこに【企画営業】☆平均賞与5.5ヵ月分 正社員","大和ハウスパーキング株式会社","千葉県、神奈川県、京都府、岡山県、福岡県","東京都大田区南蒲田2-16-1　テクノポートカマタセンタービル10F","〒 144-0035 東京都大田区南蒲田2-16-1　テクノポートカマタセンタービル10F 地図を見る","","","","","不動産","＜アクセス＞ 京浜急行電鉄「京急蒲田駅」より徒歩8分 JR「蒲田駅」より徒歩15分","MT-S","情報更新日：2019/10/25 掲載終了予定日：2019/12/05","mynavi"
https://vp-web-crawl.s3-ap-northeast-1.amazonaws.com/mynavi/tenshoku.mynavi.jp/jobinfo-163152-1-14-1/index.html,"5010701004005","1","【改修工事の施工管理】年休135日◆月給35万円～◆有資格者募集 正社員","三和建装株式会社","埼玉県、千葉県、東京都、神奈川県","東京都西東京市田無町1-12-6","〒 188-0011 東京都西東京市田無町1-12-6 地図を見る","人事部　採用担当","042-450-5811（代表）","","","建設・土木","【アクセス】 西武新宿線「西武柳沢駅」徒歩5分 西武新宿線「田無駅」徒歩10分","MT-S","情報更新日：2019/09/27 掲載終了予定日：2019/11/07","mynavi"
https://vp-web-crawl.s3-ap-northeast-1.amazonaws.com/mynavi/tenshoku.mynavi.jp/jobinfo-243685-1-10-1/index.html,"4011101062271","0","9年連続120％成長！日本の介護を支える【人材コーディネーター】 正社員","株式会社ネオキャリア","北海道、岩手県、宮城県、茨城県、栃木県、群馬県、埼玉県、千葉県、東京都、神奈川県、石川県、新潟県、山梨県、長野県、岐阜県、静岡県、愛知県、三重県、滋賀県、京都府、大阪府、兵庫県、奈良県、岡山県、広島県、香川県、愛媛県、福岡県、長崎県、熊本県、鹿児島県","東京都新宿区西新宿1-22-2 新宿サンエービル 2階","〒 160-0023 東京都新宿区西新宿1-20-2 新宿ホウライビル4F 地図を見る","採用担当（中村・西嶋）","03-6327-2261","","","広告","＜アクセス＞ 各線『新宿駅』から徒歩6分","MT-S","情報更新日：2019/09/27 掲載終了予定日：2019/11/07","mynavi"
https://vp-web-crawl.s3-ap-northeast-1.amazonaws.com/mynavi/tenshoku.mynavi.jp/jobinfo-113399-1-91-1/index.html,"1011101032087","0","IT社会を守る正義のミカタ【セキュリティエンジニア】※未経験OK 正社員","株式会社セラク","北海道、埼玉県、千葉県、東京都、神奈川県、愛知県、京都府、大阪府、兵庫県、島根県、広島県、福岡県、長崎県","東京都新宿区西新宿7-5-25　西新宿プライムスクエア6階","〒 160-0023 東京都新宿区西新宿7-5-25　西新宿プライムスクエア6階 地図を見る","採用担当","03-3227-1176（直通）","","","ソフトウェア・情報処理","","MT-S","情報更新日：2019/10/25 掲載終了予定日：2019/11/21","mynavi"
https://vp-web-crawl.s3-ap-northeast-1.amazonaws.com/mynavi/tenshoku.mynavi.jp/jobinfo-256351-1-3-1/index.html,"1450001005316","1","従業員満足を常に追求！働きやすさ◎の【土木施工管理】 正社員","岩崎工業株式会社","群馬県","群馬県太田市下小林町62-1","〒 373-0807 群馬県太田市下小林町62-1 地図を見る","採用担当","0276-30-1880","","","建設・土木","","MT-S","情報更新日：2019/10/25 掲載終了予定日：2019/12/19","mynavi"
https://vp-web-crawl.s3-ap-northeast-1.amazonaws.com/mynavi/tenshoku.mynavi.jp/jobinfo-226824-1-8-1/index.html,"4010501035440","0","【総合職（積算・CAD業務 など）】※経験者募集・月給27万円～ 正社員","株式会社ネクジット","大阪府","大阪市北区豊崎1-11-19 アスティオン梅田アネックス2F","〒 531-0072 大阪市北区豊崎1-11-19 アスティオン梅田アネックス2F 地図を見る","採用担当","06-6375-1234","","","建設・土木","","MT-S","情報更新日：2019/10/25 掲載終了予定日：2019/11/21","mynavi"
https://vp-web-crawl.s3-ap-northeast-1.amazonaws.com/mynavi/tenshoku.mynavi.jp/jobinfo-260129-1-1-1/index.html,"1460301004108","1","未経験OK【法人ルート営業(アシスタント)】★ノルマ/飛び込み無 正社員","株式会社ヒラノ","岡山県","岡山県岡山市北区下石井2丁目1番7号","〒 700-0907 岡山県岡山市北区下石井2丁目1番7号 地図を見る","採用担当　平野","080-4632-2422","","","専門商社","","MT-S","情報更新日：2019/10/25 掲載終了予定日：2019/12/19","mynavi"
https://vp-web-crawl.s3-ap-northeast-1.amazonaws.com/mynavi/tenshoku.mynavi.jp/jobinfo-104516-1-29-1/index.html,"2120001100215","0","未経験OKの【総合職（広報/事務）】★完全週休2日＆残業ほぼなし 正社員","株式会社日成アドバンス","大阪府","大阪市中央区城見1-3-7 松下IMPビル26階","〒 540-6326 大阪府大阪市中央区城見1-3-7 松下IMPビル26階 地図を見る","採用担当","06-4791-6070","","","不動産","","MT-S","情報更新日：2019/10/11 掲載終了予定日：2019/12/05","mynavi"
https://vp-web-crawl.s3-ap-northeast-1.amazonaws.com/mynavi/tenshoku.mynavi.jp/jobinfo-161412-1-12-1/index.html,"3020001105859","0","自社サービス始動！新たなシステムを共に創る【開発エンジニア】 正社員","アカリエヘルスケアカンパニー株式会社","埼玉県、千葉県、東京都、神奈川県","横浜市神奈川区台町8-14　ベイシティ滝川3F","〒 221-0834 横浜市神奈川区台町8-14 ベイシティ滝川3F 地図を見る","採用担当","","","","ソフトウェア・情報処理","アクセス ・横浜本社 各線「横浜駅」きた西口より徒歩5分 ・東京本社（旧東京支社） ★東京都港区西新橋2-13-10　SKI　虎ノ門4Ｆ　（旧：第2フレンドビル） 東京メトロ銀座線「虎ノ門駅」1番出口より徒歩7分","MT-S","情報更新日：2019/10/11 掲載終了予定日：2019/11/07","mynavi"
https://vp-web-crawl.s3-ap-northeast-1.amazonaws.com/mynavi/tenshoku.mynavi.jp/jobinfo-98828-1-123-1/index.html,"8011001047006","0","顧客満足度No.1/未経験OK【保険アドバイザー】39歳まで/全国募集 正社員","ほけんの窓口グループ株式会社","北海道、青森県、岩手県、宮城県、秋田県、山形県、福島県、茨城県、栃木県、埼玉県、千葉県、東京都、神奈川県、富山県、石川県、新潟県、山梨県、長野県、岐阜県、静岡県、愛知県、三重県、滋賀県、京都府、大阪府、兵庫県、奈良県、和歌山県、鳥取県、島根県、岡山県、広島県、山口県、徳島県、香川県、愛媛県、高知県、福岡県、佐賀県、長崎県、熊本県、大分県、宮崎県、沖縄県","東京都千代田区丸の内一丁目8番2号　鉄鋼ビルディング20階","〒 100-0005 東京都千代田区丸の内一丁目8番2号　鉄鋼ビルディング20階 地図を見る","採用部　採用担当","","","","生命保険・損害保険","平日／9：30～17：30（土日祝日を除く）","MT-S","情報更新日：2019/10/21 掲載終了予定日：2019/11/07","mynavi"
https://vp-web-crawl.s3-ap-northeast-1.amazonaws.com/mynavi/tenshoku.mynavi.jp/jobinfo-143434-1-34-1/index.html,"6011101055050","0","【機械・電気・通信・建築技術者（高速道路の保全・管理）】 正社員","中日本ハイウェイ・エンジニアリング東京株式会社","東京都、神奈川県、山梨県、長野県、静岡県","〒160－0023　 東京都新宿区西新宿1丁目23-7 新宿ファーストウエスト 9F","〒 160-0023 東京都新宿区西新宿1丁目23-7 新宿ファーストウエスト 9F 地図を見る","経営企画部 人財企画課 吉永","03-5339-1712（直通）","","","建設コンサルタント","","MT-S","情報更新日：2019/10/25 掲載終了予定日：2019/11/21","mynavi"
https://vp-web-crawl.s3-ap-northeast-1.amazonaws.com/mynavi/tenshoku.mynavi.jp/jobinfo-200959-1-4-1/index.html,"99","0","【自社内開発・ITエンジニア】U・Iターン歓迎/リモートワークOK 正社員","SCSKニアショアシステムズ株式会社","岩手県、福井県、熊本県、宮崎県、鹿児島県","〒135-0061 東京都江東区豊洲3-2-24 豊洲フォレシア ＜アクセス＞ 東京メトロ有楽町線「豊洲駅」1c出口よりスグ ゆりかもめ「豊洲駅」より徒歩4分","〒 135-0061 東京都江東区豊洲3-2-24 豊洲フォレシア 地図を見る","採用担当","03-6772-9090","","","ソフトウェア・情報処理","＜アクセス＞ 東京メトロ有楽町線「豊洲駅」1c出口よりスグ ゆりかもめ「豊洲駅」より徒歩4分","MT-S","情報更新日：2019/10/21 掲載終了予定日：2019/11/07","mynavi"
https://vp-web-crawl.s3-ap-northeast-1.amazonaws.com/mynavi/tenshoku.mynavi.jp/jobinfo-258808-1-2-1/index.html,"8130001012024","0","若手社員2名に魅力をインタビュー★【タクシードライバー】 正社員","洛陽交運株式会社","京都府","京都市南区西九条森本町65番地","〒 601-8444 京都府京都市南区西九条森本町65番地 地図を見る","採用担当","0120-13-8415","","","海運・鉄道・空輸・陸運","","MT-S","情報更新日：2019/10/10 掲載終了予定日：2019/11/21","mynavi"
https://vp-web-crawl.s3-ap-northeast-1.amazonaws.com/mynavi/tenshoku.mynavi.jp/jobinfo-250710-1-3-1/index.html,"99","0","都内の人気スポットで活躍♪【総合職(ホール/キッチン/店長)】 正社員","株式会社TRIPLETS","埼玉県、東京都、神奈川県、三重県","〒151-0051　東京都渋谷区千駄ヶ谷3-5-7","〒 203-0001 東京都東久留米市上の原2-7-7 地図を見る","採用担当","","","","レジャーサービス・アミューズメント","【交通アクセス】 ◆西武池袋線「東久留米」駅東口バス停から、 　西部バスで約7分「東久留米団地」下車すぐ ◆車の場合は、関越自動車道所沢ICより約20分","MT-S","情報更新日：2019/10/25 掲載終了予定日：2019/12/05","mynavi"
https://vp-web-crawl.s3-ap-northeast-1.amazonaws.com/mynavi/tenshoku.mynavi.jp/jobinfo-159487-1-1-1/index.html,"2011101027210","1","地域密着企業で大きな成長を【総合職(受付/総務人事/事務 他)】 契約社員","株式会社マジオネット","静岡県","東京都新宿区新宿5-16-11 新宿光ビル5F、7F","〒 426-0076 静岡県藤枝市内瀬戸115-2 地図を見る","マジオドライバーズスクール藤枝校／採用担当 長房","","","","教育","","MT-S","情報更新日：2019/10/25 掲載終了予定日：2019/12/05","mynavi"
https://vp-web-crawl.s3-ap-northeast-1.amazonaws.com/mynavi/tenshoku.mynavi.jp/jobinfo-15847-1-667-1/index.html,"7020001047338","1","平均年収819万【営業職】未経験歓迎★年休120日以上/東日本募集 正社員","東建コーポレーション株式会社","青森県、岩手県、宮城県、秋田県、山形県、福島県、茨城県、栃木県、群馬県、埼玉県、千葉県、東京都、神奈川県","〒460-0002　愛知県名古屋市中区丸の内2-1-33　東建本社丸の内ビル","〒 460-0002 名古屋市中区丸の内2-1-33　東建本社丸の内ビル 地図を見る","人事管理部　採用課","052-232-8013（直通）","","","住宅・建材・エクステリア","※個人情報の取り扱い 当社では、個人情報を、当社の責任のもとで適切な対応が行なわれるよう、厳重に管理いたします。 また、ご提出いただきました各種書類（履歴書・職務経歴書等）は、返却いたしませんので、あらかじめご了承ください。 尚、採用されなかった方の情報に関しては、当社の責任において遅滞なく、適切に廃棄・消去いたします。","MT-S","情報更新日：2019/10/25 掲載終了予定日：2019/11/21","mynavi"
https://vp-web-crawl.s3-ap-northeast-1.amazonaws.com/mynavi/tenshoku.mynavi.jp/jobinfo-189762-1-8-1/index.html,"1430001006324","1","※100％反響型！オリジナル注文住宅『Kurumu』の【提案営業】 正社員","小林住宅株式会社","大阪府","大阪府大阪市北区天神橋1丁目12番8号","〒 530-0041 大阪府大阪市北区天神橋1丁目12番8号 地図を見る","採用担当","06-6766-4830","","","住宅・建材・エクステリア","","MT-S","情報更新日：2019/10/25 掲載終了予定日：2019/12/05","mynavi"
https://vp-web-crawl.s3-ap-northeast-1.amazonaws.com/mynavi/tenshoku.mynavi.jp/jobinfo-209534-1-3-1/index.html,"7400505000084","1","【ケアスタッフ】★月10日休★残業ほぼなし★賞与年4ヵ月 正社員","社会福祉法人仁愛会","東京都","【本部】東京都杉並区和泉4-16-10（和泉サナホーム内）","〒 168-0063 東京都杉並区和泉1-44-19（新泉サナホーム内） 地図を見る","採用担当","03-6379-0182（代表）","","","医療・福祉・介護サービス","","MT-S","情報更新日：2019/10/25 掲載終了予定日：2019/11/21","mynavi"
